subid,month,sum_n,sum_prompts,adherence
1006,1,29,30,0.9666666666666667
1006,2,24,30,0.8
1006,3,23,30,0.7666666666666667
1006,4,27,30,0.9
1006,5,28,30,0.9333333333333333
1006,6,27,30,0.9
1006,7,25,30,0.8333333333333334
1006,8,25,30,0.8333333333333334
1006,9,25,30,0.8333333333333334
1006,10,26,30,0.8666666666666667
1006,11,25,30,0.8333333333333334
1006,12,23,30,0.7666666666666667
1009,1,25,30,0.8333333333333334
1009,2,26,30,0.8666666666666667
1009,3,16,30,0.5333333333333333
1009,4,19,30,0.6333333333333333
1009,5,21,30,0.7
1009,6,25,30,0.8333333333333334
1009,7,22,30,0.7333333333333333
1009,8,30,30,1
1009,9,30,30,1
1009,10,30,30,1
1009,11,28,30,0.9333333333333333
1009,12,27,30,0.9
1010,1,14,30,0.4666666666666667
1010,2,22,30,0.7333333333333333
1010,3,24,30,0.8
1010,4,22,30,0.7333333333333333
1010,5,23,30,0.7666666666666667
1010,6,22,30,0.7333333333333333
1010,7,20,30,0.6666666666666666
1010,8,8,13,0.6153846153846154
1012,1,29,30,0.9666666666666667
1012,2,26,30,0.8666666666666667
1012,3,29,30,0.9666666666666667
1012,4,24,30,0.8
1012,5,23,30,0.7666666666666667
1012,6,29,30,0.9666666666666667
1012,7,24,30,0.8
1012,8,27,30,0.9
1012,9,21,30,0.7
1012,10,24,30,0.8
1012,11,28,30,0.9333333333333333
1012,12,28,30,0.9333333333333333
1014,1,20,30,0.6666666666666666
1014,2,22,30,0.7333333333333333
1014,3,26,30,0.8666666666666667
1014,4,24,30,0.8
1014,5,24,30,0.8
1014,6,29,30,0.9666666666666667
1014,7,26,30,0.8666666666666667
1014,8,27,30,0.9
1014,9,26,30,0.8666666666666667
1014,10,26,30,0.8666666666666667
1014,11,25,30,0.8333333333333334
1014,12,22,30,0.7333333333333333
1017,1,22,30,0.7333333333333333
1017,2,27,30,0.9
1017,3,19,30,0.6333333333333333
1017,4,20,30,0.6666666666666666
1017,5,14,30,0.4666666666666667
1017,6,28,30,0.9333333333333333
1017,7,26,30,0.8666666666666667
1017,8,16,18,0.8888888888888888
1020,1,30,30,1
1020,2,28,30,0.9333333333333333
1020,3,23,30,0.7666666666666667
1020,4,28,30,0.9333333333333333
1020,5,26,30,0.8666666666666667
1020,6,30,30,1
1020,7,30,30,1
1020,8,29,30,0.9666666666666667
1020,9,29,30,0.9666666666666667
1020,10,30,30,1
1020,11,29,30,0.9666666666666667
1020,12,28,28,1
1021,1,29,30,0.9666666666666667
1021,2,25,30,0.8333333333333334
1021,3,16,30,0.5333333333333333
1021,4,4,16,0.25
1022,1,30,30,1
1022,2,30,30,1
1022,3,30,30,1
1022,4,29,30,0.9666666666666667
1022,5,26,30,0.8666666666666667
1022,6,28,30,0.9333333333333333
1022,7,27,30,0.9
1022,8,26,30,0.8666666666666667
1022,9,25,30,0.8333333333333334
1022,10,26,30,0.8666666666666667
1022,11,24,30,0.8
1022,12,20,24,0.8333333333333334
1023,1,25,30,0.8333333333333334
1023,2,24,30,0.8
1023,3,21,30,0.7
1023,4,20,30,0.6666666666666666
1023,5,19,30,0.6333333333333333
1023,6,19,30,0.6333333333333333
1023,7,15,30,0.5
1023,8,22,30,0.7333333333333333
1023,9,18,30,0.6
1023,10,17,30,0.5666666666666667
1023,11,18,30,0.6
1023,12,14,30,0.4666666666666667
1027,1,25,30,0.8333333333333334
1027,2,26,30,0.8666666666666667
1027,3,26,30,0.8666666666666667
1027,4,27,30,0.9
1027,5,24,30,0.8
1027,6,24,30,0.8
1027,7,23,30,0.7666666666666667
1027,8,28,30,0.9333333333333333
1027,9,22,30,0.7333333333333333
1027,10,15,30,0.5
1027,11,24,30,0.8
1027,12,16,30,0.5333333333333333
1028,1,22,30,0.7333333333333333
1028,2,23,30,0.7666666666666667
1028,3,19,30,0.6333333333333333
1028,4,6,30,0.2
1028,5,14,30,0.4666666666666667
1028,6,1,30,0.03333333333333333
1028,7,1,30,0.03333333333333333
1028,8,1,30,0.03333333333333333
1028,9,0,27,0
1029,1,19,30,0.6333333333333333
1029,2,27,30,0.9
1029,3,24,30,0.8
1029,4,25,30,0.8333333333333334
1029,5,21,30,0.7
1029,6,23,30,0.7666666666666667
1029,7,25,30,0.8333333333333334
1029,8,24,30,0.8
1029,9,21,30,0.7
1029,10,17,30,0.5666666666666667
1029,11,17,30,0.5666666666666667
1029,12,14,30,0.4666666666666667
1030,1,29,30,0.9666666666666667
1030,2,30,30,1
1030,3,29,30,0.9666666666666667
1030,4,30,30,1
1030,5,27,30,0.9
1030,6,29,30,0.9666666666666667
1030,7,28,30,0.9333333333333333
1030,8,28,30,0.9333333333333333
1030,9,23,30,0.7666666666666667
1030,10,24,30,0.8
1030,11,23,30,0.7666666666666667
1030,12,23,30,0.7666666666666667
1031,1,30,30,1
1031,2,30,30,1
1031,3,27,30,0.9
1031,4,26,30,0.8666666666666667
1031,5,27,30,0.9
1031,6,27,30,0.9
1031,7,25,30,0.8333333333333334
1031,8,21,30,0.7
1031,9,26,30,0.8666666666666667
1031,10,27,30,0.9
1031,11,26,30,0.8666666666666667
1031,12,19,30,0.6333333333333333
1032,1,29,30,0.9666666666666667
1032,2,28,30,0.9333333333333333
1032,3,16,30,0.5333333333333333
1032,4,22,30,0.7333333333333333
1032,5,22,30,0.7333333333333333
1032,6,26,30,0.8666666666666667
1032,7,15,30,0.5
1032,8,8,30,0.26666666666666666
1032,9,1,30,0.03333333333333333
1032,10,0,30,0
1032,11,0,30,0
1032,12,1,30,0.03333333333333333
1033,1,29,30,0.9666666666666667
1033,2,29,30,0.9666666666666667
1033,3,29,30,0.9666666666666667
1033,4,30,30,1
1033,5,30,30,1
1033,6,23,30,0.7666666666666667
1033,7,14,30,0.4666666666666667
1033,8,30,30,1
1033,9,30,30,1
1033,10,30,30,1
1033,11,22,30,0.7333333333333333
1033,12,27,30,0.9
1034,1,29,30,0.9666666666666667
1034,2,25,30,0.8333333333333334
1034,3,24,30,0.8
1034,4,16,30,0.5333333333333333
1034,5,22,30,0.7333333333333333
1034,6,24,30,0.8
1034,7,18,30,0.6
1034,8,15,27,0.5555555555555556
1035,1,30,30,1
1035,2,30,30,1
1035,3,29,30,0.9666666666666667
1035,4,29,30,0.9666666666666667
1035,5,30,30,1
1035,6,28,30,0.9333333333333333
1035,7,30,30,1
1035,8,28,30,0.9333333333333333
1035,9,29,30,0.9666666666666667
1035,10,30,30,1
1035,11,28,30,0.9333333333333333
1035,12,28,30,0.9333333333333333
1036,1,29,30,0.9666666666666667
1036,2,24,30,0.8
1036,3,23,30,0.7666666666666667
1036,4,25,30,0.8333333333333334
1036,5,25,30,0.8333333333333334
1036,6,19,30,0.6333333333333333
1036,7,18,30,0.6
1036,8,14,30,0.4666666666666667
1036,9,16,30,0.5333333333333333
1036,10,13,30,0.43333333333333335
1036,11,19,30,0.6333333333333333
1036,12,14,30,0.4666666666666667
1037,1,22,30,0.7333333333333333
1037,2,26,30,0.8666666666666667
1037,3,19,30,0.6333333333333333
1037,4,16,30,0.5333333333333333
1037,5,16,30,0.5333333333333333
1037,6,28,30,0.9333333333333333
1037,7,19,30,0.6333333333333333
1037,8,25,30,0.8333333333333334
1037,9,17,30,0.5666666666666667
1037,10,24,30,0.8
1037,11,17,30,0.5666666666666667
1037,12,23,30,0.7666666666666667
1038,1,30,30,1
1038,2,30,30,1
1038,3,30,30,1
1038,4,29,30,0.9666666666666667
1038,5,30,30,1
1038,6,28,30,0.9333333333333333
1038,7,28,30,0.9333333333333333
1038,8,29,30,0.9666666666666667
1038,9,29,30,0.9666666666666667
1038,10,30,30,1
1038,11,24,30,0.8
1038,12,27,30,0.9
1039,1,24,30,0.8
1039,2,27,30,0.9
1039,3,27,30,0.9
1039,4,22,30,0.7333333333333333
1039,5,20,30,0.6666666666666666
1039,6,15,30,0.5
1039,7,14,30,0.4666666666666667
1039,8,23,30,0.7666666666666667
1039,9,20,30,0.6666666666666666
1039,10,16,30,0.5333333333333333
1039,11,18,30,0.6
1039,12,17,30,0.5666666666666667
1041,1,26,30,0.8666666666666667
1041,2,26,30,0.8666666666666667
1041,3,29,30,0.9666666666666667
1041,4,20,30,0.6666666666666666
1041,5,29,30,0.9666666666666667
1041,6,24,30,0.8
1041,7,26,30,0.8666666666666667
1041,8,29,30,0.9666666666666667
1041,9,29,30,0.9666666666666667
1041,10,26,30,0.8666666666666667
1041,11,28,30,0.9333333333333333
1041,12,29,30,0.9666666666666667
1042,1,30,30,1
1042,2,28,30,0.9333333333333333
1042,3,30,30,1
1042,4,18,20,0.9
1043,1,25,30,0.8333333333333334
1043,2,17,30,0.5666666666666667
1043,3,19,30,0.6333333333333333
1043,4,16,30,0.5333333333333333
1043,5,14,30,0.4666666666666667
1043,6,17,30,0.5666666666666667
1043,7,19,30,0.6333333333333333
1043,8,18,30,0.6
1043,9,13,30,0.43333333333333335
1043,10,16,30,0.5333333333333333
1043,11,5,11,0.45454545454545453
1044,1,27,30,0.9
1044,2,26,30,0.8666666666666667
1044,3,25,30,0.8333333333333334
1044,4,27,30,0.9
1044,5,27,30,0.9
1044,6,30,30,1
1044,7,25,30,0.8333333333333334
1044,8,22,30,0.7333333333333333
1044,9,21,30,0.7
1044,10,16,30,0.5333333333333333
1044,11,16,30,0.5333333333333333
1044,12,6,30,0.2
1045,1,24,30,0.8
1045,2,21,30,0.7
1045,3,25,30,0.8333333333333334
1045,4,23,30,0.7666666666666667
1045,5,16,30,0.5333333333333333
1045,6,2,11,0.18181818181818182
1046,1,29,30,0.9666666666666667
1046,2,30,30,1
1046,3,28,30,0.9333333333333333
1046,4,26,30,0.8666666666666667
1046,5,23,30,0.7666666666666667
1046,6,25,30,0.8333333333333334
1046,7,22,30,0.7333333333333333
1046,8,23,30,0.7666666666666667
1046,9,17,30,0.5666666666666667
1046,10,18,30,0.6
1046,11,14,30,0.4666666666666667
1046,12,20,30,0.6666666666666666
1047,1,25,30,0.8333333333333334
1047,2,20,30,0.6666666666666666
1047,3,19,30,0.6333333333333333
1047,4,19,30,0.6333333333333333
1047,5,20,30,0.6666666666666666
1047,6,17,30,0.5666666666666667
1047,7,21,30,0.7
1047,8,12,22,0.5454545454545454
1048,1,30,30,1
1048,2,30,30,1
1048,3,29,30,0.9666666666666667
1048,4,29,30,0.9666666666666667
1048,5,26,30,0.8666666666666667
1048,6,29,30,0.9666666666666667
1048,7,27,30,0.9
1048,8,21,30,0.7
1048,9,26,30,0.8666666666666667
1048,10,25,30,0.8333333333333334
1048,11,29,30,0.9666666666666667
1048,12,25,30,0.8333333333333334
1049,1,30,30,1
1049,2,29,30,0.9666666666666667
1049,3,30,30,1
1049,4,30,30,1
1049,5,30,30,1
1049,6,30,30,1
1049,7,29,30,0.9666666666666667
1049,8,29,30,0.9666666666666667
1049,9,27,30,0.9
1049,10,20,30,0.6666666666666666
1049,11,17,30,0.5666666666666667
1049,12,16,20,0.8
1050,1,21,30,0.7
1050,2,19,30,0.6333333333333333
1050,3,27,30,0.9
1050,4,24,30,0.8
1050,5,21,30,0.7
1050,6,2,30,0.06666666666666667
1050,7,20,30,0.6666666666666666
1050,8,21,30,0.7
1050,9,21,30,0.7
1050,10,10,30,0.3333333333333333
1050,11,2,30,0.06666666666666667
1050,12,7,30,0.23333333333333334
1051,1,30,30,1
1051,2,30,30,1
1051,3,29,30,0.9666666666666667
1051,4,28,30,0.9333333333333333
1051,5,26,30,0.8666666666666667
1051,6,24,30,0.8
1051,7,21,30,0.7
1051,8,23,30,0.7666666666666667
1051,9,20,30,0.6666666666666666
1051,10,25,30,0.8333333333333334
1051,11,27,30,0.9
1051,12,25,30,0.8333333333333334
1052,1,25,30,0.8333333333333334
1052,2,17,30,0.5666666666666667
1052,3,19,30,0.6333333333333333
1052,4,22,30,0.7333333333333333
1052,5,23,30,0.7666666666666667
1052,6,19,30,0.6333333333333333
1052,7,22,30,0.7333333333333333
1052,8,18,30,0.6
1052,9,12,30,0.4
1052,10,1,30,0.03333333333333333
1052,11,8,25,0.32
1053,1,25,30,0.8333333333333334
1053,2,26,30,0.8666666666666667
1053,3,26,30,0.8666666666666667
1053,4,27,30,0.9
1053,5,24,30,0.8
1053,6,22,30,0.7333333333333333
1053,7,22,30,0.7333333333333333
1053,8,22,30,0.7333333333333333
1053,9,22,30,0.7333333333333333
1053,10,25,30,0.8333333333333334
1053,11,20,30,0.6666666666666666
1053,12,17,27,0.6296296296296297
1055,1,22,30,0.7333333333333333
1055,2,29,30,0.9666666666666667
1055,3,30,30,1
1055,4,27,30,0.9
1055,5,29,30,0.9666666666666667
1055,6,28,30,0.9333333333333333
1055,7,29,30,0.9666666666666667
1055,8,28,30,0.9333333333333333
1055,9,28,30,0.9333333333333333
1055,10,29,30,0.9666666666666667
1055,11,26,30,0.8666666666666667
1055,12,28,30,0.9333333333333333
1056,1,22,30,0.7333333333333333
1056,2,23,30,0.7666666666666667
1056,3,24,30,0.8
1056,4,19,30,0.6333333333333333
1056,5,21,30,0.7
1056,6,15,30,0.5
1056,7,16,30,0.5333333333333333
1056,8,17,30,0.5666666666666667
1056,9,10,30,0.3333333333333333
1056,10,12,30,0.4
1056,11,9,30,0.3
1056,12,14,28,0.5
1057,1,21,30,0.7
1057,2,2,24,0.08333333333333333
1058,1,20,30,0.6666666666666666
1058,2,23,30,0.7666666666666667
1058,3,24,30,0.8
1058,4,24,30,0.8
1058,5,4,9,0.4444444444444444
1059,1,25,30,0.8333333333333334
1059,2,24,30,0.8
1059,3,27,30,0.9
1059,4,29,30,0.9666666666666667
1059,5,29,30,0.9666666666666667
1059,6,26,30,0.8666666666666667
1059,7,27,30,0.9
1059,8,26,30,0.8666666666666667
1059,9,22,30,0.7333333333333333
1059,10,25,30,0.8333333333333334
1059,11,23,30,0.7666666666666667
1059,12,25,30,0.8333333333333334
1061,1,27,30,0.9
1061,2,21,30,0.7
1061,3,16,30,0.5333333333333333
1061,4,16,30,0.5333333333333333
1061,5,22,30,0.7333333333333333
1061,6,27,30,0.9
1061,7,17,30,0.5666666666666667
1061,8,17,30,0.5666666666666667
1061,9,19,30,0.6333333333333333
1061,10,18,30,0.6
1061,11,19,30,0.6333333333333333
1061,12,13,30,0.43333333333333335
1062,1,25,30,0.8333333333333334
1062,2,25,30,0.8333333333333334
1062,3,27,30,0.9
1062,4,26,30,0.8666666666666667
1062,5,24,30,0.8
1062,6,25,30,0.8333333333333334
1062,7,23,30,0.7666666666666667
1062,8,22,30,0.7333333333333333
1062,9,17,30,0.5666666666666667
1062,10,0,30,0
1062,11,4,30,0.13333333333333333
1062,12,7,26,0.2692307692307692
1063,1,27,30,0.9
1063,2,25,30,0.8333333333333334
1063,3,26,30,0.8666666666666667
1063,4,28,30,0.9333333333333333
1063,5,29,30,0.9666666666666667
1063,6,30,30,1
1063,7,28,30,0.9333333333333333
1063,8,26,30,0.8666666666666667
1063,9,18,30,0.6
1063,10,4,30,0.13333333333333333
1063,11,14,30,0.4666666666666667
1063,12,9,26,0.34615384615384615
1065,1,25,30,0.8333333333333334
1065,2,29,30,0.9666666666666667
1065,3,20,25,0.8
1066,1,25,30,0.8333333333333334
1066,2,19,30,0.6333333333333333
1066,3,20,30,0.6666666666666666
1066,4,24,30,0.8
1066,5,14,30,0.4666666666666667
1066,6,4,30,0.13333333333333333
1066,7,18,30,0.6
1066,8,23,30,0.7666666666666667
1066,9,19,30,0.6333333333333333
1066,10,16,30,0.5333333333333333
1066,11,18,30,0.6
1066,12,19,30,0.6333333333333333
1067,1,25,30,0.8333333333333334
1067,2,16,19,0.8421052631578947
1068,1,30,30,1
1068,2,30,30,1
1068,3,30,30,1
1068,4,30,30,1
1068,5,28,30,0.9333333333333333
1068,6,30,30,1
1068,7,30,30,1
1068,8,30,30,1
1068,9,30,30,1
1068,10,29,30,0.9666666666666667
1068,11,29,30,0.9666666666666667
1068,12,23,30,0.7666666666666667
1069,1,27,30,0.9
1069,2,30,30,1
1069,3,30,30,1
1069,4,28,30,0.9333333333333333
1069,5,29,30,0.9666666666666667
1069,6,27,30,0.9
1069,7,29,30,0.9666666666666667
1069,8,27,30,0.9
1069,9,24,30,0.8
1069,10,26,30,0.8666666666666667
1069,11,22,30,0.7333333333333333
1069,12,25,25,1
1070,1,21,30,0.7
1070,2,17,30,0.5666666666666667
1070,3,26,30,0.8666666666666667
1070,4,29,30,0.9666666666666667
1070,5,30,30,1
1070,6,28,30,0.9333333333333333
1070,7,23,30,0.7666666666666667
1070,8,19,30,0.6333333333333333
1070,9,17,30,0.5666666666666667
1070,10,23,30,0.7666666666666667
1070,11,24,30,0.8
1070,12,21,30,0.7
1071,1,29,30,0.9666666666666667
1071,2,23,30,0.7666666666666667
1071,3,22,30,0.7333333333333333
1071,4,24,30,0.8
1071,5,28,30,0.9333333333333333
1071,6,25,30,0.8333333333333334
1071,7,23,30,0.7666666666666667
1071,8,24,30,0.8
1071,9,17,30,0.5666666666666667
1071,10,11,30,0.36666666666666664
1071,11,14,30,0.4666666666666667
1071,12,11,30,0.36666666666666664
1072,1,21,30,0.7
1072,2,18,30,0.6
1072,3,7,30,0.23333333333333334
1072,4,0,1,0
1073,1,30,30,1
1073,2,29,30,0.9666666666666667
1073,3,28,30,0.9333333333333333
1073,4,29,30,0.9666666666666667
1073,5,25,30,0.8333333333333334
1073,6,16,30,0.5333333333333333
1073,7,27,30,0.9
1073,8,28,30,0.9333333333333333
1073,9,27,30,0.9
1073,10,20,30,0.6666666666666666
1073,11,18,30,0.6
1073,12,21,30,0.7
1076,1,16,30,0.5333333333333333
1076,2,19,30,0.6333333333333333
1076,3,14,30,0.4666666666666667
1076,4,0,3,0
1077,1,23,30,0.7666666666666667
1077,2,13,14,0.9285714285714286
1078,1,28,30,0.9333333333333333
1078,2,20,24,0.8333333333333334
1079,1,28,30,0.9333333333333333
1079,2,27,30,0.9
1079,3,27,30,0.9
1079,4,29,30,0.9666666666666667
1079,5,8,30,0.26666666666666666
1079,6,2,30,0.06666666666666667
1079,7,26,30,0.8666666666666667
1079,8,29,30,0.9666666666666667
1079,9,25,30,0.8333333333333334
1079,10,29,30,0.9666666666666667
1079,11,26,30,0.8666666666666667
1079,12,29,30,0.9666666666666667
1080,1,29,30,0.9666666666666667
1080,2,27,30,0.9
1080,3,25,30,0.8333333333333334
1080,4,22,30,0.7333333333333333
1080,5,26,30,0.8666666666666667
1080,6,20,30,0.6666666666666666
1080,7,21,30,0.7
1080,8,22,30,0.7333333333333333
1080,9,24,30,0.8
1080,10,23,30,0.7666666666666667
1080,11,21,30,0.7
1080,12,20,30,0.6666666666666666
1081,1,24,30,0.8
1081,2,22,30,0.7333333333333333
1081,3,25,30,0.8333333333333334
1081,4,28,30,0.9333333333333333
1081,5,25,30,0.8333333333333334
1081,6,15,30,0.5
1081,7,17,30,0.5666666666666667
1081,8,25,30,0.8333333333333334
1081,9,30,30,1
1081,10,28,30,0.9333333333333333
1081,11,24,30,0.8
1081,12,29,30,0.9666666666666667
1082,1,15,30,0.5
1082,2,21,30,0.7
1082,3,20,30,0.6666666666666666
1082,4,17,30,0.5666666666666667
1082,5,17,30,0.5666666666666667
1082,6,14,30,0.4666666666666667
1082,7,13,30,0.43333333333333335
1082,8,16,30,0.5333333333333333
1082,9,17,30,0.5666666666666667
1082,10,18,30,0.6
1082,11,17,30,0.5666666666666667
1082,12,16,29,0.5517241379310345
1083,1,30,30,1
1083,2,30,30,1
1083,3,30,30,1
1083,4,29,30,0.9666666666666667
1083,5,29,30,0.9666666666666667
1083,6,25,30,0.8333333333333334
1083,7,16,30,0.5333333333333333
1083,8,1,17,0.058823529411764705
1084,1,13,30,0.43333333333333335
1084,2,5,7,0.7142857142857143
1087,1,23,30,0.7666666666666667
1087,2,18,30,0.6
1087,3,21,30,0.7
1087,4,9,30,0.3
1087,5,5,30,0.16666666666666666
1087,6,0,30,0
1087,7,0,30,0
1087,8,0,30,0
1087,9,2,30,0.06666666666666667
1087,10,3,7,0.42857142857142855
1088,1,16,30,0.5333333333333333
1088,2,8,30,0.26666666666666666
1088,3,16,30,0.5333333333333333
1088,4,10,30,0.3333333333333333
1088,5,14,30,0.4666666666666667
1088,6,20,30,0.6666666666666666
1088,7,5,30,0.16666666666666666
1088,8,0,19,0
1090,1,18,30,0.6
1090,2,18,27,0.6666666666666666
1092,1,29,30,0.9666666666666667
1092,2,25,30,0.8333333333333334
1092,3,22,30,0.7333333333333333
1092,4,21,30,0.7
1092,5,18,30,0.6
1092,6,18,30,0.6
1092,7,16,30,0.5333333333333333
1092,8,14,30,0.4666666666666667
1092,9,18,30,0.6
1092,10,19,30,0.6333333333333333
1092,11,21,30,0.7
1092,12,23,30,0.7666666666666667
1093,1,29,30,0.9666666666666667
1093,2,28,30,0.9333333333333333
1093,3,26,30,0.8666666666666667
1093,4,27,30,0.9
1093,5,27,30,0.9
1093,6,23,30,0.7666666666666667
1093,7,23,30,0.7666666666666667
1093,8,27,30,0.9
1093,9,19,30,0.6333333333333333
1093,10,21,30,0.7
1093,11,18,30,0.6
1093,12,20,26,0.7692307692307693
1094,1,21,30,0.7
1094,2,7,16,0.4375
1095,1,28,30,0.9333333333333333
1095,2,22,30,0.7333333333333333
1095,3,26,30,0.8666666666666667
1095,4,26,30,0.8666666666666667
1095,5,27,30,0.9
1095,6,27,30,0.9
1095,7,28,30,0.9333333333333333
1095,8,27,30,0.9
1095,9,23,30,0.7666666666666667
1095,10,21,30,0.7
1095,11,27,30,0.9
1095,12,22,30,0.7333333333333333
1097,1,25,30,0.8333333333333334
1097,2,28,30,0.9333333333333333
1097,3,28,30,0.9333333333333333
1097,4,27,30,0.9
1097,5,27,30,0.9
1097,6,18,30,0.6
1097,7,18,30,0.6
1097,8,13,30,0.43333333333333335
1097,9,27,30,0.9
1097,10,29,30,0.9666666666666667
1097,11,26,30,0.8666666666666667
1097,12,26,28,0.9285714285714286
1098,1,25,30,0.8333333333333334
1098,2,22,30,0.7333333333333333
1098,3,22,30,0.7333333333333333
1098,4,16,30,0.5333333333333333
1098,5,19,30,0.6333333333333333
1098,6,23,30,0.7666666666666667
1098,7,21,30,0.7
1098,8,22,30,0.7333333333333333
1098,9,24,30,0.8
1098,10,10,30,0.3333333333333333
1098,11,3,27,0.1111111111111111
1099,1,27,30,0.9
1099,2,26,30,0.8666666666666667
1099,3,29,30,0.9666666666666667
1099,4,29,30,0.9666666666666667
1099,5,28,30,0.9333333333333333
1099,6,30,30,1
1099,7,27,30,0.9
1099,8,26,30,0.8666666666666667
1099,9,27,30,0.9
1099,10,27,30,0.9
1099,11,30,30,1
1099,12,26,30,0.8666666666666667
1100,1,24,30,0.8
1100,2,27,30,0.9
1100,3,25,30,0.8333333333333334
1100,4,14,30,0.4666666666666667
1100,5,18,30,0.6
1100,6,15,30,0.5
1100,7,23,30,0.7666666666666667
1100,8,16,30,0.5333333333333333
1100,9,23,30,0.7666666666666667
1100,10,25,30,0.8333333333333334
1100,11,26,30,0.8666666666666667
1100,12,14,20,0.7
1102,1,19,30,0.6333333333333333
1102,2,23,30,0.7666666666666667
1102,3,22,30,0.7333333333333333
1102,4,20,30,0.6666666666666666
1102,5,21,30,0.7
1102,6,25,30,0.8333333333333334
1102,7,19,30,0.6333333333333333
1102,8,24,30,0.8
1102,9,22,30,0.7333333333333333
1102,10,17,30,0.5666666666666667
1102,11,12,30,0.4
1104,1,19,30,0.6333333333333333
1104,2,7,30,0.23333333333333334
1104,3,14,30,0.4666666666666667
1104,4,6,30,0.2
1104,5,1,30,0.03333333333333333
1104,6,5,30,0.16666666666666666
1104,7,4,19,0.21052631578947367
1106,1,30,30,1
1106,2,26,30,0.8666666666666667
1106,3,30,30,1
1106,4,30,30,1
1106,5,30,30,1
1106,6,30,30,1
1106,7,29,30,0.9666666666666667
1106,8,26,30,0.8666666666666667
1106,9,26,30,0.8666666666666667
1106,10,30,30,1
1106,11,28,30,0.9333333333333333
1106,12,30,30,1
1108,1,27,30,0.9
1108,2,27,30,0.9
1108,3,17,30,0.5666666666666667
1108,4,4,30,0.13333333333333333
1108,5,0,30,0
1108,6,2,30,0.06666666666666667
1108,7,2,30,0.06666666666666667
1108,8,2,6,0.3333333333333333
1109,1,29,30,0.9666666666666667
1109,2,22,30,0.7333333333333333
1109,3,15,30,0.5
1109,4,7,30,0.23333333333333334
1109,5,16,30,0.5333333333333333
1109,6,12,30,0.4
1109,7,11,30,0.36666666666666664
1109,8,0,30,0
1109,9,0,4,0
1110,1,23,30,0.7666666666666667
1110,2,28,30,0.9333333333333333
1110,3,18,30,0.6
1110,4,29,30,0.9666666666666667
1110,5,30,30,1
1110,6,30,30,1
1110,7,22,30,0.7333333333333333
1110,8,16,30,0.5333333333333333
1110,9,30,30,1
1110,10,30,30,1
1110,11,20,30,0.6666666666666666
1110,12,23,27,0.8518518518518519
1111,1,27,30,0.9
1111,2,29,30,0.9666666666666667
1111,3,23,30,0.7666666666666667
1111,4,24,30,0.8
1111,5,11,30,0.36666666666666664
1111,6,11,30,0.36666666666666664
1111,7,14,30,0.4666666666666667
1111,8,22,30,0.7333333333333333
1111,9,15,30,0.5
1111,10,15,30,0.5
1111,11,5,20,0.25
1112,1,29,30,0.9666666666666667
1112,2,29,30,0.9666666666666667
1112,3,30,30,1
1112,4,30,30,1
1112,5,29,30,0.9666666666666667
1112,6,30,30,1
1112,7,29,30,0.9666666666666667
1112,8,25,30,0.8333333333333334
1112,9,25,30,0.8333333333333334
1112,10,27,30,0.9
1112,11,24,30,0.8
1112,12,18,30,0.6
1113,1,26,30,0.8666666666666667
1113,2,25,30,0.8333333333333334
1113,3,24,30,0.8
1113,4,24,30,0.8
1113,5,16,30,0.5333333333333333
1113,6,15,30,0.5
1113,7,20,30,0.6666666666666666
1113,8,14,30,0.4666666666666667
1113,9,18,30,0.6
1113,10,23,30,0.7666666666666667
1113,11,19,30,0.6333333333333333
1113,12,16,30,0.5333333333333333
1114,1,24,30,0.8
1114,2,24,30,0.8
1114,3,25,30,0.8333333333333334
1114,4,22,30,0.7333333333333333
1114,5,23,30,0.7666666666666667
1114,6,7,30,0.23333333333333334
1114,7,26,30,0.8666666666666667
1114,8,23,30,0.7666666666666667
1114,9,26,30,0.8666666666666667
1114,10,22,30,0.7333333333333333
1114,11,26,30,0.8666666666666667
1114,12,19,23,0.8260869565217391
1115,1,26,30,0.8666666666666667
1115,2,17,30,0.5666666666666667
1115,3,8,30,0.26666666666666666
1115,4,9,30,0.3
1115,5,7,30,0.23333333333333334
1115,6,8,30,0.26666666666666666
1115,7,1,5,0.2
1116,1,22,30,0.7333333333333333
1116,2,26,30,0.8666666666666667
1116,3,25,30,0.8333333333333334
1116,4,20,30,0.6666666666666666
1116,5,15,30,0.5
1116,6,18,28,0.6428571428571429
1117,1,22,30,0.7333333333333333
1117,2,15,26,0.5769230769230769
1118,1,27,30,0.9
1118,2,28,30,0.9333333333333333
1118,3,28,30,0.9333333333333333
1118,4,23,30,0.7666666666666667
1118,5,25,30,0.8333333333333334
1118,6,22,30,0.7333333333333333
1118,7,13,30,0.43333333333333335
1118,8,19,30,0.6333333333333333
1118,9,25,30,0.8333333333333334
1118,10,23,30,0.7666666666666667
1118,11,22,30,0.7333333333333333
1118,12,24,30,0.8
1121,1,30,30,1
1121,2,28,30,0.9333333333333333
1121,3,29,30,0.9666666666666667
1121,4,27,30,0.9
1121,5,25,30,0.8333333333333334
1121,6,27,30,0.9
1121,7,25,30,0.8333333333333334
1121,8,25,30,0.8333333333333334
1121,9,30,30,1
1121,10,25,30,0.8333333333333334
1121,11,25,30,0.8333333333333334
1121,12,18,24,0.75
1122,1,29,30,0.9666666666666667
1122,2,30,30,1
1122,3,29,30,0.9666666666666667
1122,4,29,30,0.9666666666666667
1122,5,29,30,0.9666666666666667
1122,6,29,30,0.9666666666666667
1122,7,28,30,0.9333333333333333
1122,8,30,30,1
1122,9,30,30,1
1122,10,30,30,1
1122,11,28,30,0.9333333333333333
1122,12,28,30,0.9333333333333333
1123,1,24,30,0.8
1123,2,19,26,0.7307692307692307
1124,1,21,30,0.7
1124,2,14,30,0.4666666666666667
1124,3,13,30,0.43333333333333335
1124,4,16,30,0.5333333333333333
1124,5,17,30,0.5666666666666667
1124,6,18,30,0.6
1124,7,22,30,0.7333333333333333
1124,8,22,30,0.7333333333333333
1124,9,13,30,0.43333333333333335
1124,10,13,30,0.43333333333333335
1124,11,4,7,0.5714285714285714
1127,1,28,30,0.9333333333333333
1127,2,25,30,0.8333333333333334
1127,3,26,30,0.8666666666666667
1127,4,26,30,0.8666666666666667
1127,5,26,30,0.8666666666666667
1127,6,23,30,0.7666666666666667
1127,7,2,2,1
1129,1,9,30,0.3
1129,2,1,27,0.037037037037037035
1130,1,29,30,0.9666666666666667
1130,2,28,30,0.9333333333333333
1130,3,30,30,1
1130,4,28,30,0.9333333333333333
1130,5,28,30,0.9333333333333333
1130,6,29,30,0.9666666666666667
1130,7,28,30,0.9333333333333333
1130,8,26,30,0.8666666666666667
1130,9,29,30,0.9666666666666667
1130,10,25,30,0.8333333333333334
1130,11,27,30,0.9
1130,12,25,28,0.8928571428571429
1131,1,29,30,0.9666666666666667
1131,2,25,27,0.9259259259259259
1133,1,28,30,0.9333333333333333
1133,2,23,30,0.7666666666666667
1133,3,26,30,0.8666666666666667
1133,4,24,30,0.8
1133,5,26,30,0.8666666666666667
1133,6,23,30,0.7666666666666667
1133,7,18,30,0.6
1133,8,23,30,0.7666666666666667
1133,9,24,30,0.8
1133,10,24,30,0.8
1133,11,22,30,0.7333333333333333
1133,12,15,23,0.6521739130434783
1135,1,27,30,0.9
1135,2,28,30,0.9333333333333333
1135,3,29,30,0.9666666666666667
1135,4,28,30,0.9333333333333333
1135,5,28,30,0.9333333333333333
1135,6,28,30,0.9333333333333333
1135,7,28,30,0.9333333333333333
1135,8,26,30,0.8666666666666667
1135,9,26,30,0.8666666666666667
1135,10,23,30,0.7666666666666667
1135,11,24,30,0.8
1135,12,16,19,0.8421052631578947
1137,1,27,30,0.9
1137,2,26,30,0.8666666666666667
1137,3,21,30,0.7
1137,4,26,30,0.8666666666666667
1137,5,23,30,0.7666666666666667
1137,6,20,30,0.6666666666666666
1137,7,25,30,0.8333333333333334
1137,8,23,30,0.7666666666666667
1137,9,15,30,0.5
1137,10,26,30,0.8666666666666667
1137,11,25,30,0.8333333333333334
1137,12,25,30,0.8333333333333334
1138,1,28,30,0.9333333333333333
1138,2,26,30,0.8666666666666667
1138,3,19,30,0.6333333333333333
1138,4,24,30,0.8
1138,5,28,30,0.9333333333333333
1138,6,26,30,0.8666666666666667
1138,7,17,30,0.5666666666666667
1138,8,20,30,0.6666666666666666
1138,9,17,30,0.5666666666666667
1138,10,14,30,0.4666666666666667
1138,11,19,30,0.6333333333333333
1138,12,21,30,0.7
1139,1,19,30,0.6333333333333333
1139,2,18,30,0.6
1139,3,9,22,0.4090909090909091
1140,1,26,30,0.8666666666666667
1140,2,29,30,0.9666666666666667
1140,3,24,30,0.8
1140,4,26,30,0.8666666666666667
1140,5,24,30,0.8
1140,6,27,30,0.9
1140,7,25,30,0.8333333333333334
1140,8,12,30,0.4
1140,9,0,1,0
1141,1,14,30,0.4666666666666667
1141,2,20,30,0.6666666666666666
1141,3,21,30,0.7
1141,4,24,30,0.8
1141,5,25,30,0.8333333333333334
1141,6,16,30,0.5333333333333333
1141,7,25,30,0.8333333333333334
1141,8,25,30,0.8333333333333334
1141,9,28,30,0.9333333333333333
1141,10,26,30,0.8666666666666667
1141,11,25,30,0.8333333333333334
1141,12,21,27,0.7777777777777778
1142,1,19,30,0.6333333333333333
1142,2,13,30,0.43333333333333335
1142,3,8,30,0.26666666666666666
1142,4,0,30,0
1142,5,1,17,0.058823529411764705
1145,1,30,30,1
1145,2,25,30,0.8333333333333334
1145,3,13,30,0.43333333333333335
1145,4,11,30,0.36666666666666664
1145,5,11,30,0.36666666666666664
1145,6,9,30,0.3
1145,7,4,30,0.13333333333333333
1145,8,8,30,0.26666666666666666
1145,9,5,30,0.16666666666666666
1145,10,7,24,0.2916666666666667
1146,1,24,30,0.8
1146,2,26,30,0.8666666666666667
1146,3,25,30,0.8333333333333334
1146,4,18,30,0.6
1146,5,20,30,0.6666666666666666
1146,6,13,30,0.43333333333333335
1146,7,14,30,0.4666666666666667
1146,8,17,30,0.5666666666666667
1146,9,19,30,0.6333333333333333
1146,10,15,30,0.5
1146,11,16,30,0.5333333333333333
1146,12,17,30,0.5666666666666667
1147,1,29,30,0.9666666666666667
1147,2,29,30,0.9666666666666667
1147,3,30,30,1
1147,4,30,30,1
1147,5,27,30,0.9
1147,6,27,30,0.9
1147,7,30,30,1
1147,8,26,30,0.8666666666666667
1147,9,28,30,0.9333333333333333
1147,10,28,30,0.9333333333333333
1147,11,25,30,0.8333333333333334
1147,12,12,30,0.4
1148,1,30,30,1
1148,2,29,30,0.9666666666666667
1148,3,27,30,0.9
1148,4,29,30,0.9666666666666667
1148,5,28,30,0.9333333333333333
1148,6,25,30,0.8333333333333334
1148,7,25,30,0.8333333333333334
1148,8,25,30,0.8333333333333334
1148,9,23,30,0.7666666666666667
1148,10,21,30,0.7
1148,11,20,30,0.6666666666666666
1148,12,24,30,0.8
1149,1,29,30,0.9666666666666667
1149,2,26,30,0.8666666666666667
1149,3,19,30,0.6333333333333333
1149,4,20,30,0.6666666666666666
1149,5,12,30,0.4
1149,6,3,30,0.1
1149,7,6,30,0.2
1149,8,1,23,0.043478260869565216
1150,1,26,30,0.8666666666666667
1150,2,22,30,0.7333333333333333
1150,3,24,30,0.8
1150,4,27,30,0.9
1150,5,28,30,0.9333333333333333
1150,6,25,30,0.8333333333333334
1150,7,24,30,0.8
1150,8,24,30,0.8
1150,9,25,30,0.8333333333333334
1150,10,24,30,0.8
1150,11,28,30,0.9333333333333333
1150,12,26,28,0.9285714285714286
1151,1,30,30,1
1151,2,25,30,0.8333333333333334
1151,3,3,9,0.3333333333333333
1152,1,30,30,1
1152,2,30,30,1
1152,3,28,30,0.9333333333333333
1152,4,29,30,0.9666666666666667
1152,5,14,30,0.4666666666666667
1152,6,30,30,1
1152,7,26,30,0.8666666666666667
1152,8,24,30,0.8
1152,9,20,30,0.6666666666666666
1152,10,27,30,0.9
1152,11,23,30,0.7666666666666667
1152,12,28,30,0.9333333333333333
1153,1,11,30,0.36666666666666664
1153,2,12,30,0.4
1153,3,15,30,0.5
1153,4,6,30,0.2
1153,5,5,30,0.16666666666666666
1153,6,4,30,0.13333333333333333
1153,7,2,30,0.06666666666666667
1153,8,3,30,0.1
1153,9,6,30,0.2
1153,10,4,30,0.13333333333333333
1153,11,9,30,0.3
1153,12,1,30,0.03333333333333333
1154,1,27,30,0.9
1154,2,24,30,0.8
1154,3,23,30,0.7666666666666667
1154,4,26,30,0.8666666666666667
1154,5,21,30,0.7
1154,6,13,30,0.43333333333333335
1154,7,20,30,0.6666666666666666
1154,8,24,30,0.8
1154,9,23,30,0.7666666666666667
1154,10,25,30,0.8333333333333334
1154,11,24,30,0.8
1154,12,17,24,0.7083333333333334
1157,1,16,30,0.5333333333333333
1157,2,5,30,0.16666666666666666
1157,3,2,14,0.14285714285714285
1159,1,29,30,0.9666666666666667
1159,2,25,30,0.8333333333333334
1159,3,25,30,0.8333333333333334
1160,1,30,30,1
1160,2,30,30,1
1160,3,30,30,1
1160,4,29,30,0.9666666666666667
1160,5,29,30,0.9666666666666667
1160,6,30,30,1
1160,7,30,30,1
1160,8,30,30,1
1160,9,29,30,0.9666666666666667
1160,10,27,30,0.9
1160,11,26,30,0.8666666666666667
1160,12,23,30,0.7666666666666667
1161,1,20,30,0.6666666666666666
1161,2,15,23,0.6521739130434783
1162,1,21,30,0.7
1162,2,18,30,0.6
1162,3,19,30,0.6333333333333333
1162,4,9,30,0.3
1162,5,12,30,0.4
1162,6,5,30,0.16666666666666666
1162,7,8,30,0.26666666666666666
1162,8,1,30,0.03333333333333333
1162,9,0,30,0
1162,10,2,7,0.2857142857142857
1163,1,11,30,0.36666666666666664
1163,2,18,30,0.6
1163,3,11,30,0.36666666666666664
1163,4,14,30,0.4666666666666667
1163,5,12,30,0.4
1163,6,16,30,0.5333333333333333
1163,7,9,30,0.3
1163,8,5,12,0.4166666666666667
1164,1,30,30,1
1164,2,26,30,0.8666666666666667
1164,3,27,30,0.9
1164,4,30,30,1
1164,5,22,30,0.7333333333333333
1164,6,24,30,0.8
1164,7,25,30,0.8333333333333334
1164,8,20,30,0.6666666666666666
1164,9,23,30,0.7666666666666667
1164,10,23,30,0.7666666666666667
1164,11,17,30,0.5666666666666667
1164,12,12,25,0.48
1165,1,30,30,1
1165,2,30,30,1
1165,3,29,30,0.9666666666666667
1165,4,30,30,1
1165,5,19,30,0.6333333333333333
1165,6,26,30,0.8666666666666667
1165,7,23,30,0.7666666666666667
1165,8,24,30,0.8
1165,9,26,30,0.8666666666666667
1165,10,22,30,0.7333333333333333
1165,11,24,30,0.8
1165,12,18,24,0.75
1166,1,29,30,0.9666666666666667
1166,2,22,30,0.7333333333333333
1166,3,22,30,0.7333333333333333
1166,4,18,30,0.6
1166,5,15,30,0.5
1166,6,14,30,0.4666666666666667
1166,7,22,30,0.7333333333333333
1166,8,21,30,0.7
1166,9,17,30,0.5666666666666667
1166,10,17,30,0.5666666666666667
1166,11,14,30,0.4666666666666667
1166,12,7,21,0.3333333333333333
1167,1,14,30,0.4666666666666667
1167,2,19,30,0.6333333333333333
1167,3,3,30,0.1
1167,4,14,30,0.4666666666666667
1167,5,29,30,0.9666666666666667
1167,6,29,30,0.9666666666666667
1167,7,26,30,0.8666666666666667
1167,8,29,30,0.9666666666666667
1167,9,27,30,0.9
1167,10,29,30,0.9666666666666667
1167,11,29,30,0.9666666666666667
1167,12,21,23,0.9130434782608695
1168,1,28,30,0.9333333333333333
1168,2,25,30,0.8333333333333334
1168,3,29,30,0.9666666666666667
1168,4,26,30,0.8666666666666667
1168,5,28,30,0.9333333333333333
1168,6,25,30,0.8333333333333334
1168,7,26,30,0.8666666666666667
1168,8,26,30,0.8666666666666667
1168,9,27,30,0.9
1168,10,26,30,0.8666666666666667
1168,11,26,30,0.8666666666666667
1168,12,27,30,0.9
1169,1,30,30,1
1169,2,29,30,0.9666666666666667
1169,3,26,30,0.8666666666666667
1169,4,29,30,0.9666666666666667
1169,5,28,30,0.9333333333333333
1169,6,30,30,1
1169,7,30,30,1
1169,8,28,30,0.9333333333333333
1169,9,29,30,0.9666666666666667
1169,10,27,30,0.9
1169,11,29,30,0.9666666666666667
1169,12,26,30,0.8666666666666667
1170,1,27,30,0.9
1170,2,28,30,0.9333333333333333
1170,3,27,30,0.9
1170,4,27,30,0.9
1170,5,21,30,0.7
1170,6,30,30,1
1170,7,28,30,0.9333333333333333
1170,8,25,30,0.8333333333333334
1170,9,19,30,0.6333333333333333
1170,10,24,30,0.8
1170,11,22,30,0.7333333333333333
1170,12,22,30,0.7333333333333333
1171,1,25,30,0.8333333333333334
1171,2,22,30,0.7333333333333333
1171,3,27,30,0.9
1171,4,24,30,0.8
1171,5,22,30,0.7333333333333333
1171,6,20,30,0.6666666666666666
1171,7,26,30,0.8666666666666667
1171,8,17,30,0.5666666666666667
1171,9,15,27,0.5555555555555556
1173,1,25,30,0.8333333333333334
1173,2,19,30,0.6333333333333333
1173,3,12,30,0.4
1173,4,4,30,0.13333333333333333
1173,5,2,30,0.06666666666666667
1173,6,2,30,0.06666666666666667
1173,7,9,30,0.3
1173,8,1,30,0.03333333333333333
1173,9,4,30,0.13333333333333333
1173,10,2,24,0.08333333333333333
1174,1,30,30,1
1174,2,22,30,0.7333333333333333
1174,3,18,30,0.6
1174,4,11,30,0.36666666666666664
1174,5,19,30,0.6333333333333333
1174,6,18,30,0.6
1174,7,19,30,0.6333333333333333
1174,8,20,30,0.6666666666666666
1174,9,17,30,0.5666666666666667
1174,10,10,30,0.3333333333333333
1174,11,10,30,0.3333333333333333
1174,12,10,30,0.3333333333333333
1177,1,27,30,0.9
1177,2,28,30,0.9333333333333333
1177,3,30,30,1
1177,4,27,30,0.9
1177,5,19,30,0.6333333333333333
1177,6,27,30,0.9
1177,7,28,30,0.9333333333333333
1177,8,30,30,1
1177,9,14,19,0.7368421052631579
1178,1,9,30,0.3
1178,2,16,30,0.5333333333333333
1178,3,10,30,0.3333333333333333
1178,4,11,30,0.36666666666666664
1178,5,12,30,0.4
1178,6,14,30,0.4666666666666667
1178,7,15,30,0.5
1178,8,22,30,0.7333333333333333
1178,9,16,30,0.5333333333333333
1178,10,1,1,1
1180,1,30,30,1
1180,2,29,30,0.9666666666666667
1180,3,30,30,1
1180,4,22,30,0.7333333333333333
1180,5,23,30,0.7666666666666667
1180,6,24,30,0.8
1180,7,27,30,0.9
1180,8,28,30,0.9333333333333333
1180,9,24,30,0.8
1180,10,24,30,0.8
1180,11,25,30,0.8333333333333334
1180,12,26,30,0.8666666666666667
1181,1,30,30,1
1181,2,27,30,0.9
1181,3,21,30,0.7
1181,4,22,30,0.7333333333333333
1181,5,26,30,0.8666666666666667
1181,6,28,30,0.9333333333333333
1181,7,20,30,0.6666666666666666
1181,8,20,30,0.6666666666666666
1181,9,20,30,0.6666666666666666
1181,10,18,30,0.6
1181,11,23,30,0.7666666666666667
1181,12,21,30,0.7
1182,1,22,30,0.7333333333333333
1182,2,12,30,0.4
1182,3,16,30,0.5333333333333333
1182,4,16,30,0.5333333333333333
1182,5,15,30,0.5
1182,6,15,30,0.5
1182,7,18,30,0.6
1182,8,18,30,0.6
1182,9,14,30,0.4666666666666667
1182,10,5,30,0.16666666666666666
1182,11,12,30,0.4
1182,12,10,30,0.3333333333333333
1184,1,24,30,0.8
1184,2,24,30,0.8
1184,3,24,30,0.8
1184,4,20,30,0.6666666666666666
1184,5,22,30,0.7333333333333333
1184,6,24,30,0.8
1184,7,21,30,0.7
1184,8,26,30,0.8666666666666667
1184,9,12,27,0.4444444444444444
1186,1,29,30,0.9666666666666667
1186,2,23,30,0.7666666666666667
1186,3,21,30,0.7
1186,4,15,30,0.5
1186,5,11,30,0.36666666666666664
1186,6,16,30,0.5333333333333333
1186,7,10,30,0.3333333333333333
1186,8,11,30,0.36666666666666664
1186,9,9,30,0.3
1186,10,10,30,0.3333333333333333
1186,11,6,30,0.2
1186,12,15,29,0.5172413793103449
1187,1,27,30,0.9
1187,2,25,30,0.8333333333333334
1187,3,9,30,0.3
1187,4,1,30,0.03333333333333333
1187,5,0,25,0
1188,1,28,30,0.9333333333333333
1188,2,30,30,1
1188,3,29,30,0.9666666666666667
1188,4,15,30,0.5
1188,5,9,30,0.3
1188,6,25,30,0.8333333333333334
1188,7,27,30,0.9
1188,8,19,30,0.6333333333333333
1188,9,19,30,0.6333333333333333
1188,10,16,30,0.5333333333333333
1188,11,17,30,0.5666666666666667
1188,12,20,30,0.6666666666666666
1189,1,25,30,0.8333333333333334
1189,2,29,30,0.9666666666666667
1189,3,26,30,0.8666666666666667
1189,4,26,30,0.8666666666666667
1189,5,21,30,0.7
1189,6,25,30,0.8333333333333334
1189,7,19,30,0.6333333333333333
1189,8,20,30,0.6666666666666666
1189,9,23,30,0.7666666666666667
1189,10,6,28,0.21428571428571427
1190,1,30,30,1
1190,2,30,30,1
1190,3,30,30,1
1190,4,19,30,0.6333333333333333
1190,5,29,30,0.9666666666666667
1190,6,30,30,1
1190,7,29,30,0.9666666666666667
1190,8,30,30,1
1190,9,29,30,0.9666666666666667
1190,10,30,30,1
1190,11,29,30,0.9666666666666667
1190,12,27,28,0.9642857142857143
1191,1,23,30,0.7666666666666667
1191,2,27,30,0.9
1191,3,29,30,0.9666666666666667
1191,4,23,30,0.7666666666666667
1191,5,27,30,0.9
1191,6,30,30,1
1191,7,17,30,0.5666666666666667
1191,8,27,30,0.9
1191,9,29,30,0.9666666666666667
1191,10,2,2,1
1192,1,22,30,0.7333333333333333
1192,2,23,30,0.7666666666666667
1192,3,21,30,0.7
1192,4,17,30,0.5666666666666667
1192,5,23,30,0.7666666666666667
1192,6,24,30,0.8
1192,7,25,30,0.8333333333333334
1192,8,17,30,0.5666666666666667
1192,9,18,30,0.6
1192,10,21,30,0.7
1192,11,19,30,0.6333333333333333
1192,12,17,26,0.6538461538461539
1193,1,28,30,0.9333333333333333
1193,2,23,30,0.7666666666666667
1193,3,28,30,0.9333333333333333
1193,4,28,30,0.9333333333333333
1193,5,28,30,0.9333333333333333
1193,6,26,30,0.8666666666666667
1193,7,29,30,0.9666666666666667
1193,8,28,30,0.9333333333333333
1193,9,24,30,0.8
1193,10,27,30,0.9
1193,11,30,30,1
1193,12,24,26,0.9230769230769231
1196,1,22,30,0.7333333333333333
1196,2,20,30,0.6666666666666666
1196,3,24,30,0.8
1196,4,16,30,0.5333333333333333
1196,5,23,30,0.7666666666666667
1196,6,25,30,0.8333333333333334
1196,7,20,30,0.6666666666666666
1196,8,15,30,0.5
1196,9,22,30,0.7333333333333333
1196,10,23,30,0.7666666666666667
1196,11,23,30,0.7666666666666667
1196,12,20,30,0.6666666666666666
1197,1,21,30,0.7
1197,2,21,30,0.7
1197,3,20,30,0.6666666666666666
1197,4,23,30,0.7666666666666667
1197,5,18,30,0.6
1197,6,9,30,0.3
1197,7,7,30,0.23333333333333334
1197,8,12,30,0.4
1197,9,6,30,0.2
1197,10,1,30,0.03333333333333333
1197,11,5,30,0.16666666666666666
1197,12,4,30,0.13333333333333333
1198,1,29,30,0.9666666666666667
1198,2,23,30,0.7666666666666667
1198,3,28,30,0.9333333333333333
1198,4,23,30,0.7666666666666667
1198,5,25,30,0.8333333333333334
1198,6,29,30,0.9666666666666667
1198,7,22,30,0.7333333333333333
1198,8,21,30,0.7
1198,9,25,30,0.8333333333333334
1198,10,19,30,0.6333333333333333
1198,11,23,30,0.7666666666666667
1198,12,21,30,0.7
1200,1,28,30,0.9333333333333333
1200,2,28,30,0.9333333333333333
1200,3,29,30,0.9666666666666667
1200,4,30,30,1
1200,5,29,30,0.9666666666666667
1200,6,28,30,0.9333333333333333
1200,7,29,30,0.9666666666666667
1200,8,26,30,0.8666666666666667
1200,9,28,30,0.9333333333333333
1200,10,25,30,0.8333333333333334
1200,11,24,30,0.8
1200,12,23,30,0.7666666666666667
1201,1,29,30,0.9666666666666667
1201,2,28,30,0.9333333333333333
1201,3,25,30,0.8333333333333334
1201,4,14,30,0.4666666666666667
1201,5,20,30,0.6666666666666666
1201,6,18,30,0.6
1201,7,21,30,0.7
1201,8,27,30,0.9
1201,9,26,30,0.8666666666666667
1201,10,22,30,0.7333333333333333
1201,11,28,30,0.9333333333333333
1201,12,29,30,0.9666666666666667
1204,1,13,30,0.43333333333333335
1204,2,13,30,0.43333333333333335
1204,3,9,30,0.3
1204,4,4,23,0.17391304347826086
1205,1,30,30,1
1205,2,30,30,1
1205,3,26,30,0.8666666666666667
1205,4,16,30,0.5333333333333333
1205,5,0,30,0
1205,6,0,24,0
1208,1,22,30,0.7333333333333333
1208,2,25,30,0.8333333333333334
1208,3,27,30,0.9
1208,4,29,30,0.9666666666666667
1208,5,27,30,0.9
1208,6,23,30,0.7666666666666667
1208,7,23,30,0.7666666666666667
1208,8,29,30,0.9666666666666667
1208,9,15,30,0.5
1208,10,24,30,0.8
1208,11,7,30,0.23333333333333334
1208,12,3,27,0.1111111111111111
1210,1,25,30,0.8333333333333334
1210,2,27,30,0.9
1210,3,26,30,0.8666666666666667
1210,4,21,30,0.7
1210,5,12,30,0.4
1210,6,16,17,0.9411764705882353
1211,1,30,30,1
1211,2,29,30,0.9666666666666667
1211,3,25,30,0.8333333333333334
1211,4,27,30,0.9
1211,5,29,30,0.9666666666666667
1211,6,29,30,0.9666666666666667
1211,7,24,30,0.8
1211,8,29,30,0.9666666666666667
1211,9,27,30,0.9
1211,10,28,30,0.9333333333333333
1211,11,26,30,0.8666666666666667
1211,12,27,30,0.9
1212,1,26,30,0.8666666666666667
1212,2,11,30,0.36666666666666664
1212,3,11,30,0.36666666666666664
1212,4,11,30,0.36666666666666664
1212,5,26,30,0.8666666666666667
1212,6,29,30,0.9666666666666667
1212,7,21,30,0.7
1212,8,27,30,0.9
1212,9,24,30,0.8
1212,10,24,30,0.8
1212,11,25,30,0.8333333333333334
1212,12,21,30,0.7
1213,1,14,30,0.4666666666666667
1213,2,15,30,0.5
1213,3,14,30,0.4666666666666667
1213,4,15,30,0.5
1213,5,12,30,0.4
1213,6,16,30,0.5333333333333333
1213,7,18,30,0.6
1213,8,17,30,0.5666666666666667
1213,9,19,30,0.6333333333333333
1213,10,19,30,0.6333333333333333
1213,11,5,8,0.625
1214,1,28,30,0.9333333333333333
1214,2,30,30,1
1214,3,27,29,0.9310344827586207
1218,1,25,30,0.8333333333333334
1218,2,28,30,0.9333333333333333
1218,3,30,30,1
1218,4,27,30,0.9
1218,5,30,30,1
1218,6,23,30,0.7666666666666667
1218,7,24,30,0.8
1218,8,9,30,0.3
1218,9,6,30,0.2
1218,10,15,30,0.5
1218,11,24,30,0.8
1218,12,21,30,0.7
1219,1,28,30,0.9333333333333333
1219,2,23,30,0.7666666666666667
1219,3,23,30,0.7666666666666667
1219,4,28,30,0.9333333333333333
1219,5,29,30,0.9666666666666667
1219,6,30,30,1
1219,7,28,30,0.9333333333333333
1219,8,30,30,1
1219,9,27,30,0.9
1219,10,14,30,0.4666666666666667
1219,11,3,30,0.1
1219,12,5,30,0.16666666666666666
1220,1,30,30,1
1220,2,30,30,1
1220,3,24,30,0.8
1220,4,23,30,0.7666666666666667
1220,5,30,30,1
1220,6,23,30,0.7666666666666667
1220,7,30,30,1
1220,8,20,30,0.6666666666666666
1220,9,24,30,0.8
1220,10,27,30,0.9
1220,11,24,30,0.8
1220,12,28,30,0.9333333333333333
1221,1,14,30,0.4666666666666667
1221,2,15,30,0.5
1221,3,7,30,0.23333333333333334
1221,4,1,14,0.07142857142857142
1222,1,28,30,0.9333333333333333
1222,2,28,30,0.9333333333333333
1222,3,26,30,0.8666666666666667
1222,4,30,30,1
1222,5,30,30,1
1222,6,29,30,0.9666666666666667
1222,7,27,30,0.9
1222,8,30,30,1
1222,9,29,30,0.9666666666666667
1222,10,26,30,0.8666666666666667
1222,11,25,30,0.8333333333333334
1222,12,26,30,0.8666666666666667
1223,1,20,30,0.6666666666666666
1223,2,30,30,1
1223,3,24,30,0.8
1223,4,11,30,0.36666666666666664
1223,5,3,25,0.12
1224,1,27,30,0.9
1224,2,30,30,1
1224,3,30,30,1
1224,4,30,30,1
1224,5,28,30,0.9333333333333333
1224,6,30,30,1
1224,7,30,30,1
1224,8,30,30,1
1224,9,29,30,0.9666666666666667
1224,10,30,30,1
1224,11,28,30,0.9333333333333333
1224,12,26,28,0.9285714285714286
1225,1,3,30,0.1
1225,2,10,30,0.3333333333333333
1225,3,19,30,0.6333333333333333
1225,4,26,30,0.8666666666666667
1225,5,17,30,0.5666666666666667
1225,6,4,18,0.2222222222222222
1226,1,27,30,0.9
1226,2,24,30,0.8
1226,3,25,30,0.8333333333333334
1226,4,24,30,0.8
1226,5,26,30,0.8666666666666667
1226,6,25,30,0.8333333333333334
1226,7,24,30,0.8
1226,8,18,30,0.6
1226,9,15,30,0.5
1226,10,20,30,0.6666666666666666
1226,11,20,30,0.6666666666666666
1226,12,22,30,0.7333333333333333
1227,1,18,30,0.6
1227,2,20,30,0.6666666666666666
1227,3,20,30,0.6666666666666666
1227,4,19,30,0.6333333333333333
1227,5,25,30,0.8333333333333334
1227,6,21,30,0.7
1227,7,15,30,0.5
1227,8,20,30,0.6666666666666666
1227,9,24,30,0.8
1227,10,23,30,0.7666666666666667
1227,11,20,30,0.6666666666666666
1227,12,20,27,0.7407407407407407
1228,1,24,30,0.8
1228,2,24,30,0.8
1228,3,25,30,0.8333333333333334
1228,4,25,30,0.8333333333333334
1228,5,27,30,0.9
1228,6,22,30,0.7333333333333333
1228,7,24,30,0.8
1228,8,4,30,0.13333333333333333
1228,9,3,30,0.1
1228,10,14,30,0.4666666666666667
1228,11,3,30,0.1
1228,12,9,22,0.4090909090909091
1229,1,23,30,0.7666666666666667
1229,2,25,30,0.8333333333333334
1229,3,23,30,0.7666666666666667
1229,4,22,30,0.7333333333333333
1229,5,21,30,0.7
1229,6,26,30,0.8666666666666667
1229,7,19,30,0.6333333333333333
1229,8,20,30,0.6666666666666666
1229,9,20,30,0.6666666666666666
1229,10,23,30,0.7666666666666667
1229,11,21,30,0.7
1229,12,19,27,0.7037037037037037
1231,1,30,30,1
1231,2,26,30,0.8666666666666667
1231,3,26,30,0.8666666666666667
1231,4,27,30,0.9
1231,5,27,30,0.9
1231,6,27,30,0.9
1231,7,27,30,0.9
1231,8,27,30,0.9
1231,9,22,30,0.7333333333333333
1231,10,22,30,0.7333333333333333
1231,11,17,30,0.5666666666666667
1231,12,18,22,0.8181818181818182
1234,1,21,30,0.7
1234,2,1,1,1
1235,1,11,30,0.36666666666666664
1235,2,13,30,0.43333333333333335
1235,3,11,30,0.36666666666666664
1235,4,8,30,0.26666666666666666
1235,5,5,30,0.16666666666666666
1235,6,6,30,0.2
1235,7,14,30,0.4666666666666667
1235,8,1,30,0.03333333333333333
1235,9,1,9,0.1111111111111111
1236,1,13,30,0.43333333333333335
1236,2,3,30,0.1
1236,3,25,30,0.8333333333333334
1236,4,18,30,0.6
1236,5,13,30,0.43333333333333335
1236,6,13,30,0.43333333333333335
1236,7,20,30,0.6666666666666666
1236,8,0,10,0
1237,1,23,30,0.7666666666666667
1237,2,21,30,0.7
1237,3,25,30,0.8333333333333334
1237,4,26,30,0.8666666666666667
1237,5,20,30,0.6666666666666666
1237,6,18,30,0.6
1237,7,20,30,0.6666666666666666
1237,8,22,30,0.7333333333333333
1237,9,0,30,0
1237,10,0,30,0
1237,11,4,29,0.13793103448275862
1238,1,20,30,0.6666666666666666
1238,2,21,30,0.7
1238,3,17,30,0.5666666666666667
1238,4,24,30,0.8
1238,5,18,30,0.6
1238,6,15,25,0.6
1242,1,15,30,0.5
1242,2,5,15,0.3333333333333333
1243,1,2,30,0.06666666666666667
1243,2,0,30,0
1243,3,0,28,0
1244,1,28,30,0.9333333333333333
1244,2,29,30,0.9666666666666667
1244,3,30,30,1
1244,4,1,1,1
1246,1,25,30,0.8333333333333334
1246,2,27,30,0.9
1246,3,29,30,0.9666666666666667
1246,4,30,30,1
1246,5,29,30,0.9666666666666667
1246,6,30,30,1
1246,7,30,30,1
1246,8,28,30,0.9333333333333333
1246,9,25,30,0.8333333333333334
1246,10,23,30,0.7666666666666667
1246,11,16,30,0.5333333333333333
1246,12,27,30,0.9
1247,1,29,30,0.9666666666666667
1247,2,24,30,0.8
1247,3,23,30,0.7666666666666667
1247,4,19,30,0.6333333333333333
1247,5,24,30,0.8
1247,6,25,30,0.8333333333333334
1247,7,22,30,0.7333333333333333
1247,8,16,30,0.5333333333333333
1247,9,18,30,0.6
1247,10,16,30,0.5333333333333333
1247,11,2,30,0.06666666666666667
1247,12,13,28,0.4642857142857143
1249,1,26,30,0.8666666666666667
1249,2,21,30,0.7
1249,3,25,30,0.8333333333333334
1249,4,22,30,0.7333333333333333
1249,5,22,30,0.7333333333333333
1249,6,23,30,0.7666666666666667
1249,7,22,30,0.7333333333333333
1249,8,27,30,0.9
1249,9,24,30,0.8
1249,10,21,30,0.7
1249,11,27,30,0.9
1249,12,25,30,0.8333333333333334
1250,1,23,30,0.7666666666666667
1250,2,24,30,0.8
1250,3,26,30,0.8666666666666667
1250,4,27,30,0.9
1250,5,26,30,0.8666666666666667
1250,6,25,30,0.8333333333333334
1250,7,14,30,0.4666666666666667
1250,8,0,30,0
1250,9,14,25,0.56
1254,1,30,30,1
1254,2,30,30,1
1254,3,28,30,0.9333333333333333
1254,4,28,30,0.9333333333333333
1254,5,28,30,0.9333333333333333
1254,6,25,30,0.8333333333333334
1254,7,19,30,0.6333333333333333
1254,8,18,30,0.6
1254,9,18,30,0.6
1254,10,19,30,0.6333333333333333
1254,11,15,30,0.5
1254,12,16,30,0.5333333333333333
1255,1,18,30,0.6
1255,2,28,30,0.9333333333333333
1255,3,8,30,0.26666666666666666
1255,4,3,30,0.1
1255,5,17,30,0.5666666666666667
1255,6,18,30,0.6
1255,7,2,10,0.2
1256,1,29,30,0.9666666666666667
1256,2,30,30,1
1256,3,11,16,0.6875
1258,1,21,30,0.7
1258,2,19,30,0.6333333333333333
1258,3,20,30,0.6666666666666666
1258,4,0,30,0
1258,5,0,30,0
1258,6,23,30,0.7666666666666667
1258,7,21,30,0.7
1258,8,25,30,0.8333333333333334
1258,9,16,18,0.8888888888888888
1259,1,26,30,0.8666666666666667
1259,2,29,30,0.9666666666666667
1259,3,28,30,0.9333333333333333
1259,4,22,30,0.7333333333333333
1259,5,29,30,0.9666666666666667
1259,6,29,30,0.9666666666666667
1259,7,29,30,0.9666666666666667
1259,8,29,30,0.9666666666666667
1259,9,29,30,0.9666666666666667
1259,10,30,30,1
1259,11,27,30,0.9
1259,12,11,14,0.7857142857142857
1261,1,2,30,0.06666666666666667
1261,2,21,30,0.7
1261,3,26,30,0.8666666666666667
1261,4,10,30,0.3333333333333333
1261,5,1,27,0.037037037037037035
1262,1,23,30,0.7666666666666667
1262,2,26,30,0.8666666666666667
1262,3,20,30,0.6666666666666666
1262,4,20,30,0.6666666666666666
1262,5,24,30,0.8
1262,6,21,30,0.7
1262,7,16,30,0.5333333333333333
1262,8,26,30,0.8666666666666667
1262,9,22,30,0.7333333333333333
1262,10,25,30,0.8333333333333334
1262,11,25,30,0.8333333333333334
1262,12,16,23,0.6956521739130435
1263,1,21,30,0.7
1263,2,28,30,0.9333333333333333
1263,3,26,30,0.8666666666666667
1263,4,16,30,0.5333333333333333
1263,5,24,30,0.8
1263,6,16,30,0.5333333333333333
1263,7,13,30,0.43333333333333335
1263,8,19,30,0.6333333333333333
1263,9,13,28,0.4642857142857143
1264,1,27,30,0.9
1264,2,22,30,0.7333333333333333
1264,3,25,30,0.8333333333333334
1264,4,25,30,0.8333333333333334
1264,5,23,30,0.7666666666666667
1264,6,23,30,0.7666666666666667
1264,7,27,30,0.9
1264,8,22,30,0.7333333333333333
1264,9,25,30,0.8333333333333334
1264,10,25,30,0.8333333333333334
1264,11,20,30,0.6666666666666666
1264,12,18,29,0.6206896551724138
1265,1,21,30,0.7
1265,2,8,30,0.26666666666666666
1265,3,20,30,0.6666666666666666
1265,4,17,30,0.5666666666666667
1265,5,20,30,0.6666666666666666
1265,6,18,26,0.6923076923076923
1269,1,25,30,0.8333333333333334
1269,2,20,30,0.6666666666666666
1269,3,23,30,0.7666666666666667
1269,4,21,30,0.7
1269,5,23,30,0.7666666666666667
1269,6,23,30,0.7666666666666667
1269,7,24,30,0.8
1269,8,16,30,0.5333333333333333
1269,9,20,30,0.6666666666666666
1269,10,21,30,0.7
1269,11,17,30,0.5666666666666667
1269,12,18,30,0.6
1270,1,29,30,0.9666666666666667
1270,2,30,30,1
1270,3,25,30,0.8333333333333334
1270,4,26,30,0.8666666666666667
1270,5,26,30,0.8666666666666667
1270,6,25,30,0.8333333333333334
1270,7,27,30,0.9
1270,8,23,30,0.7666666666666667
1270,9,26,30,0.8666666666666667
1270,10,22,30,0.7333333333333333
1270,11,18,30,0.6
1270,12,16,26,0.6153846153846154
1271,1,29,30,0.9666666666666667
1271,2,28,30,0.9333333333333333
1271,3,27,30,0.9
1271,4,23,30,0.7666666666666667
1271,5,22,30,0.7333333333333333
1271,6,25,30,0.8333333333333334
1271,7,28,30,0.9333333333333333
1271,8,20,30,0.6666666666666666
1271,9,24,30,0.8
1271,10,24,30,0.8
1271,11,24,30,0.8
1271,12,26,30,0.8666666666666667
1276,1,26,30,0.8666666666666667
1276,2,27,30,0.9
1276,3,28,30,0.9333333333333333
1276,4,27,30,0.9
1276,5,20,30,0.6666666666666666
1276,6,30,30,1
1276,7,29,30,0.9666666666666667
1276,8,29,30,0.9666666666666667
1276,9,29,30,0.9666666666666667
1276,10,30,30,1
1276,11,26,30,0.8666666666666667
1276,12,14,20,0.7
1277,1,26,30,0.8666666666666667
1277,2,25,30,0.8333333333333334
1277,3,24,30,0.8
1277,4,17,30,0.5666666666666667
1277,5,13,20,0.65
1278,1,29,30,0.9666666666666667
1278,2,28,30,0.9333333333333333
1278,3,28,30,0.9333333333333333
1278,4,29,30,0.9666666666666667
1278,5,30,30,1
1278,6,29,30,0.9666666666666667
1278,7,30,30,1
1278,8,30,30,1
1278,9,29,30,0.9666666666666667
1278,10,28,30,0.9333333333333333
1278,11,28,30,0.9333333333333333
1278,12,26,30,0.8666666666666667
1279,1,20,30,0.6666666666666666
1279,2,20,30,0.6666666666666666
1279,3,26,30,0.8666666666666667
1279,4,13,30,0.43333333333333335
1279,5,8,30,0.26666666666666666
1279,6,25,30,0.8333333333333334
1279,7,23,30,0.7666666666666667
1279,8,20,30,0.6666666666666666
1279,9,26,30,0.8666666666666667
1279,10,15,30,0.5
1279,11,26,30,0.8666666666666667
1279,12,25,30,0.8333333333333334
1282,1,23,30,0.7666666666666667
1282,2,24,30,0.8
1282,3,28,30,0.9333333333333333
1282,4,23,30,0.7666666666666667
1282,5,22,30,0.7333333333333333
1282,6,23,30,0.7666666666666667
1282,7,27,30,0.9
1282,8,25,30,0.8333333333333334
1282,9,23,30,0.7666666666666667
1282,10,24,30,0.8
1282,11,23,30,0.7666666666666667
1282,12,24,30,0.8
1283,1,22,30,0.7333333333333333
1283,2,27,30,0.9
1283,3,22,30,0.7333333333333333
1283,4,20,30,0.6666666666666666
1283,5,23,30,0.7666666666666667
1283,6,22,30,0.7333333333333333
1283,7,24,30,0.8
1283,8,22,30,0.7333333333333333
1283,9,19,30,0.6333333333333333
1283,10,21,30,0.7
1283,11,18,30,0.6
1283,12,17,23,0.7391304347826086
1286,1,17,30,0.5666666666666667
1286,2,22,30,0.7333333333333333
1286,3,21,30,0.7
1286,4,24,30,0.8
1286,5,17,30,0.5666666666666667
1286,6,22,30,0.7333333333333333
1286,7,23,30,0.7666666666666667
1286,8,16,30,0.5333333333333333
1286,9,20,30,0.6666666666666666
1286,10,19,30,0.6333333333333333
1286,11,16,30,0.5333333333333333
1286,12,10,30,0.3333333333333333
1289,1,27,30,0.9
1289,2,27,30,0.9
1289,3,23,30,0.7666666666666667
1289,4,25,30,0.8333333333333334
1289,5,28,30,0.9333333333333333
1289,6,25,30,0.8333333333333334
1289,7,27,30,0.9
1289,8,23,30,0.7666666666666667
1289,9,25,30,0.8333333333333334
1289,10,29,30,0.9666666666666667
1289,11,24,30,0.8
1289,12,25,30,0.8333333333333334
1291,1,25,30,0.8333333333333334
1291,2,28,30,0.9333333333333333
1291,3,29,30,0.9666666666666667
1291,4,29,30,0.9666666666666667
1291,5,25,30,0.8333333333333334
1291,6,26,30,0.8666666666666667
1291,7,29,30,0.9666666666666667
1291,8,25,30,0.8333333333333334
1291,9,24,30,0.8
1291,10,29,30,0.9666666666666667
1291,11,25,30,0.8333333333333334
1291,12,25,30,0.8333333333333334
1292,1,7,30,0.23333333333333334
1292,2,13,30,0.43333333333333335
1292,3,19,30,0.6333333333333333
1292,4,1,8,0.125
1295,1,26,30,0.8666666666666667
1295,2,29,30,0.9666666666666667
1295,3,27,30,0.9
1295,4,12,30,0.4
1295,5,27,30,0.9
1295,6,28,30,0.9333333333333333
1295,7,29,30,0.9666666666666667
1295,8,1,1,1
1296,1,25,30,0.8333333333333334
1296,2,20,30,0.6666666666666666
1296,3,18,30,0.6
1296,4,16,30,0.5333333333333333
1296,5,15,30,0.5
1296,6,21,30,0.7
1296,7,15,30,0.5
1296,8,18,30,0.6
1296,9,19,30,0.6333333333333333
1296,10,18,30,0.6
1296,11,16,30,0.5333333333333333
1296,12,11,28,0.39285714285714285
1297,1,30,30,1
1297,2,29,30,0.9666666666666667
1297,3,25,30,0.8333333333333334
1297,4,26,30,0.8666666666666667
1297,5,19,30,0.6333333333333333
1297,6,21,30,0.7
1297,7,20,30,0.6666666666666666
1297,8,22,30,0.7333333333333333
1297,9,28,30,0.9333333333333333
1297,10,30,30,1
1297,11,29,30,0.9666666666666667
1297,12,27,30,0.9
1299,1,26,30,0.8666666666666667
1299,2,23,30,0.7666666666666667
1299,3,23,30,0.7666666666666667
1299,4,22,30,0.7333333333333333
1299,5,22,30,0.7333333333333333
1299,6,21,30,0.7
1299,7,25,30,0.8333333333333334
1299,8,18,30,0.6
1299,9,25,30,0.8333333333333334
1299,10,26,30,0.8666666666666667
1299,11,26,30,0.8666666666666667
1299,12,18,22,0.8181818181818182
1300,1,26,30,0.8666666666666667
1300,2,26,30,0.8666666666666667
1300,3,27,30,0.9
1300,4,23,30,0.7666666666666667
1300,5,21,30,0.7
1300,6,24,30,0.8
1300,7,20,30,0.6666666666666666
1300,8,20,30,0.6666666666666666
1300,9,22,30,0.7333333333333333
1300,10,26,30,0.8666666666666667
1300,11,18,30,0.6
1300,12,13,22,0.5909090909090909
1302,1,28,30,0.9333333333333333
1302,2,23,30,0.7666666666666667
1302,3,21,30,0.7
1302,4,19,30,0.6333333333333333
1302,5,18,30,0.6
1302,6,24,30,0.8
1302,7,18,30,0.6
1302,8,18,30,0.6
1302,9,22,30,0.7333333333333333
1302,10,21,30,0.7
1302,11,18,30,0.6
1302,12,21,30,0.7
1303,1,29,30,0.9666666666666667
1303,2,28,30,0.9333333333333333
1303,3,28,30,0.9333333333333333
1303,4,27,30,0.9
1303,5,27,30,0.9
1303,6,29,30,0.9666666666666667
1303,7,27,30,0.9
1303,8,28,30,0.9333333333333333
1303,9,25,30,0.8333333333333334
1303,10,27,30,0.9
1303,11,26,30,0.8666666666666667
1303,12,18,19,0.9473684210526315
1304,1,27,30,0.9
1304,2,26,30,0.8666666666666667
1304,3,28,30,0.9333333333333333
1304,4,28,30,0.9333333333333333
1304,5,28,30,0.9333333333333333
1304,6,29,30,0.9666666666666667
1304,7,29,30,0.9666666666666667
1304,8,30,30,1
1304,9,27,30,0.9
1304,10,26,30,0.8666666666666667
1304,11,26,30,0.8666666666666667
1304,12,21,30,0.7
1305,1,28,30,0.9333333333333333
1305,2,23,30,0.7666666666666667
1305,3,28,30,0.9333333333333333
1305,4,23,30,0.7666666666666667
1305,5,20,30,0.6666666666666666
1305,6,25,30,0.8333333333333334
1305,7,22,30,0.7333333333333333
1305,8,26,30,0.8666666666666667
1305,9,18,30,0.6
1305,10,24,30,0.8
1305,11,24,30,0.8
1305,12,23,30,0.7666666666666667
1306,1,27,30,0.9
1306,2,28,30,0.9333333333333333
1306,3,28,30,0.9333333333333333
1306,4,28,30,0.9333333333333333
1306,5,24,30,0.8
1306,6,28,30,0.9333333333333333
1306,7,29,30,0.9666666666666667
1306,8,25,30,0.8333333333333334
1306,9,23,30,0.7666666666666667
1306,10,18,30,0.6
1306,11,15,30,0.5
1306,12,20,30,0.6666666666666666
1307,1,30,30,1
1307,2,28,30,0.9333333333333333
1307,3,29,30,0.9666666666666667
1307,4,28,30,0.9333333333333333
1307,5,29,30,0.9666666666666667
1307,6,30,30,1
1307,7,29,30,0.9666666666666667
1307,8,29,30,0.9666666666666667
1307,9,29,30,0.9666666666666667
1307,10,11,30,0.36666666666666664
1307,11,30,30,1
1307,12,21,30,0.7
1309,1,29,30,0.9666666666666667
1309,2,29,30,0.9666666666666667
1309,3,29,30,0.9666666666666667
1309,4,30,30,1
1309,5,30,30,1
1309,6,27,30,0.9
1309,7,29,30,0.9666666666666667
1309,8,27,30,0.9
1309,9,21,30,0.7
1309,10,20,30,0.6666666666666666
1309,11,12,30,0.4
1309,12,21,28,0.75
1315,1,18,30,0.6
1315,2,24,30,0.8
1315,3,27,30,0.9
1315,4,27,30,0.9
1315,5,24,30,0.8
1315,6,27,30,0.9
1315,7,24,30,0.8
1315,8,30,30,1
1315,9,26,30,0.8666666666666667
1315,10,10,30,0.3333333333333333
1315,11,21,30,0.7
1315,12,16,23,0.6956521739130435
1316,1,21,30,0.7
1316,2,18,30,0.6
1316,3,8,30,0.26666666666666666
1316,4,8,27,0.2962962962962963
1317,1,16,30,0.5333333333333333
1317,2,18,30,0.6
1317,3,17,30,0.5666666666666667
1317,4,14,30,0.4666666666666667
1317,5,6,30,0.2
1317,6,0,30,0
1317,7,0,30,0
1317,8,27,30,0.9
1317,9,21,30,0.7
1317,10,24,30,0.8
1317,11,20,30,0.6666666666666666
1317,12,19,30,0.6333333333333333
1319,1,12,30,0.4
1319,2,11,30,0.36666666666666664
1319,3,18,30,0.6
1319,4,20,30,0.6666666666666666
1319,5,17,30,0.5666666666666667
1319,6,23,30,0.7666666666666667
1319,7,23,30,0.7666666666666667
1319,8,24,30,0.8
1319,9,22,30,0.7333333333333333
1319,10,26,30,0.8666666666666667
1319,11,24,30,0.8
1319,12,24,26,0.9230769230769231
1320,1,24,30,0.8
1320,2,28,30,0.9333333333333333
1320,3,22,30,0.7333333333333333
1320,4,24,30,0.8
1320,5,23,30,0.7666666666666667
1320,6,21,30,0.7
1320,7,25,30,0.8333333333333334
1320,8,23,30,0.7666666666666667
1320,9,20,30,0.6666666666666666
1320,10,22,30,0.7333333333333333
1320,11,24,30,0.8
1320,12,23,29,0.7931034482758621
1321,1,24,30,0.8
1321,2,24,30,0.8
1321,3,25,30,0.8333333333333334
1321,4,25,30,0.8333333333333334
1321,5,23,30,0.7666666666666667
1321,6,24,30,0.8
1321,7,23,30,0.7666666666666667
1321,8,23,30,0.7666666666666667
1321,9,30,30,1
1321,10,22,30,0.7333333333333333
1321,11,24,30,0.8
1321,12,18,25,0.72
1322,1,24,30,0.8
1322,2,22,30,0.7333333333333333
1322,3,21,30,0.7
1322,4,24,30,0.8
1322,5,19,30,0.6333333333333333
1322,6,29,30,0.9666666666666667
1322,7,20,30,0.6666666666666666
1322,8,23,30,0.7666666666666667
1322,9,4,30,0.13333333333333333
1322,10,11,30,0.36666666666666664
1322,11,14,30,0.4666666666666667
1322,12,14,29,0.4827586206896552
1323,1,21,30,0.7
1323,2,17,30,0.5666666666666667
1323,3,6,30,0.2
1323,4,17,30,0.5666666666666667
1323,5,15,30,0.5
1323,6,8,30,0.26666666666666666
1323,7,19,30,0.6333333333333333
1323,8,8,30,0.26666666666666666
1323,9,6,30,0.2
1323,10,13,30,0.43333333333333335
1323,11,5,18,0.2777777777777778
1324,1,27,30,0.9
1324,2,29,30,0.9666666666666667
1324,3,27,30,0.9
1324,4,27,30,0.9
1324,5,24,30,0.8
1324,6,30,30,1
1324,7,25,30,0.8333333333333334
1324,8,29,30,0.9666666666666667
1324,9,30,30,1
1324,10,25,30,0.8333333333333334
1324,11,30,30,1
1324,12,29,30,0.9666666666666667
1325,1,24,30,0.8
1325,2,25,30,0.8333333333333334
1325,3,23,30,0.7666666666666667
1325,4,15,30,0.5
1325,5,18,30,0.6
1325,6,21,30,0.7
1325,7,18,30,0.6
1325,8,21,30,0.7
1325,9,9,30,0.3
1325,10,8,30,0.26666666666666666
1325,11,1,1,1
1326,1,19,30,0.6333333333333333
1326,2,23,30,0.7666666666666667
1326,3,25,30,0.8333333333333334
1326,4,20,30,0.6666666666666666
1326,5,17,30,0.5666666666666667
1326,6,20,30,0.6666666666666666
1326,7,20,30,0.6666666666666666
1326,8,14,30,0.4666666666666667
1326,9,19,30,0.6333333333333333
1326,10,16,30,0.5333333333333333
1326,11,20,30,0.6666666666666666
1326,12,14,30,0.4666666666666667
1327,1,23,30,0.7666666666666667
1327,2,24,30,0.8
1327,3,3,6,0.5
1328,1,30,30,1
1328,2,27,30,0.9
1328,3,27,30,0.9
1328,4,18,30,0.6
1328,5,27,30,0.9
1328,6,25,30,0.8333333333333334
1328,7,29,30,0.9666666666666667
1328,8,27,30,0.9
1328,9,26,30,0.8666666666666667
1328,10,27,30,0.9
1328,11,26,30,0.8666666666666667
1328,12,17,20,0.85
1329,1,29,30,0.9666666666666667
1329,2,23,30,0.7666666666666667
1329,3,24,30,0.8
1329,4,25,30,0.8333333333333334
1329,5,20,30,0.6666666666666666
1329,6,7,30,0.23333333333333334
1329,7,13,23,0.5652173913043478
1331,1,28,30,0.9333333333333333
1331,2,21,30,0.7
1331,3,25,30,0.8333333333333334
1331,4,21,30,0.7
1331,5,21,30,0.7
1331,6,24,30,0.8
1331,7,21,30,0.7
1331,8,20,30,0.6666666666666666
1331,9,20,30,0.6666666666666666
1331,10,23,30,0.7666666666666667
1331,11,23,30,0.7666666666666667
1331,12,16,26,0.6153846153846154
1332,1,22,30,0.7333333333333333
1332,2,19,30,0.6333333333333333
1332,3,16,30,0.5333333333333333
1332,4,10,30,0.3333333333333333
1332,5,3,30,0.1
1332,6,3,30,0.1
1332,7,2,30,0.06666666666666667
1332,8,0,15,0
1333,1,26,30,0.8666666666666667
1333,2,24,30,0.8
1333,3,27,30,0.9
1333,4,20,30,0.6666666666666666
1333,5,23,30,0.7666666666666667
1333,6,23,30,0.7666666666666667
1333,7,23,30,0.7666666666666667
1333,8,20,30,0.6666666666666666
1333,9,3,30,0.1
1333,10,20,30,0.6666666666666666
1333,11,5,30,0.16666666666666666
1333,12,3,24,0.125
1334,1,29,30,0.9666666666666667
1334,2,23,30,0.7666666666666667
1334,3,23,30,0.7666666666666667
1334,4,0,30,0
1334,5,15,30,0.5
1334,6,26,30,0.8666666666666667
1334,7,1,3,0.3333333333333333
1335,1,28,30,0.9333333333333333
1335,2,29,30,0.9666666666666667
1335,3,27,30,0.9
1335,4,29,30,0.9666666666666667
1335,5,29,30,0.9666666666666667
1335,6,27,30,0.9
1335,7,29,30,0.9666666666666667
1335,8,28,30,0.9333333333333333
1335,9,29,30,0.9666666666666667
1335,10,27,30,0.9
1335,11,26,30,0.8666666666666667
1335,12,16,20,0.8
1337,1,16,30,0.5333333333333333
1337,2,5,30,0.16666666666666666
1337,3,16,30,0.5333333333333333
1337,4,24,30,0.8
1337,5,21,30,0.7
1337,6,21,30,0.7
1337,7,21,30,0.7
1337,8,17,30,0.5666666666666667
1337,9,15,30,0.5
1337,10,7,30,0.23333333333333334
1337,11,13,30,0.43333333333333335
1337,12,17,30,0.5666666666666667
1339,1,28,30,0.9333333333333333
1339,2,30,30,1
1339,3,28,30,0.9333333333333333
1339,4,29,30,0.9666666666666667
1339,5,29,30,0.9666666666666667
1339,6,30,30,1
1339,7,28,30,0.9333333333333333
1339,8,29,30,0.9666666666666667
1339,9,22,30,0.7333333333333333
1339,10,27,30,0.9
1339,11,26,30,0.8666666666666667
1339,12,26,28,0.9285714285714286
1340,1,15,30,0.5
1340,2,15,30,0.5
1340,3,11,27,0.4074074074074074
1341,1,26,30,0.8666666666666667
1341,2,22,30,0.7333333333333333
1341,3,23,30,0.7666666666666667
1341,4,26,30,0.8666666666666667
1341,5,25,30,0.8333333333333334
1341,6,25,30,0.8333333333333334
1341,7,23,30,0.7666666666666667
1341,8,23,30,0.7666666666666667
1341,9,22,30,0.7333333333333333
1341,10,25,30,0.8333333333333334
1341,11,21,30,0.7
1341,12,16,20,0.8
1344,1,30,30,1
1344,2,29,30,0.9666666666666667
1344,3,29,30,0.9666666666666667
1344,4,7,30,0.23333333333333334
1344,5,20,30,0.6666666666666666
1344,6,29,30,0.9666666666666667
1344,7,30,30,1
1344,8,29,30,0.9666666666666667
1344,9,27,30,0.9
1344,10,30,30,1
1344,11,30,30,1
1344,12,29,29,1
1345,1,29,30,0.9666666666666667
1345,2,19,30,0.6333333333333333
1345,3,19,30,0.6333333333333333
1345,4,14,30,0.4666666666666667
1345,5,16,30,0.5333333333333333
1345,6,23,30,0.7666666666666667
1345,7,16,30,0.5333333333333333
1345,8,10,30,0.3333333333333333
1345,9,25,30,0.8333333333333334
1345,10,24,30,0.8
1345,11,20,30,0.6666666666666666
1345,12,7,20,0.35
1346,1,29,30,0.9666666666666667
1346,2,29,30,0.9666666666666667
1346,3,27,30,0.9
1346,4,27,30,0.9
1346,5,21,30,0.7
1346,6,20,30,0.6666666666666666
1346,7,20,30,0.6666666666666666
1346,8,23,30,0.7666666666666667
1346,9,22,30,0.7333333333333333
1346,10,22,30,0.7333333333333333
1346,11,25,30,0.8333333333333334
1346,12,19,28,0.6785714285714286
1347,1,27,30,0.9
1347,2,27,30,0.9
1347,3,25,30,0.8333333333333334
1347,4,26,30,0.8666666666666667
1347,5,20,30,0.6666666666666666
1347,6,23,30,0.7666666666666667
1347,7,28,30,0.9333333333333333
1347,8,27,30,0.9
1347,9,24,30,0.8
1347,10,24,30,0.8
1347,11,18,30,0.6
1347,12,20,30,0.6666666666666666
1349,1,20,30,0.6666666666666666
1349,2,14,30,0.4666666666666667
1349,3,9,21,0.42857142857142855
1351,1,25,30,0.8333333333333334
1351,2,27,30,0.9
1351,3,28,30,0.9333333333333333
1351,4,26,30,0.8666666666666667
1351,5,26,30,0.8666666666666667
1351,6,24,30,0.8
1351,7,29,30,0.9666666666666667
1351,8,25,30,0.8333333333333334
1351,9,22,30,0.7333333333333333
1351,10,26,30,0.8666666666666667
1351,11,27,30,0.9
1351,12,23,30,0.7666666666666667
1352,1,18,30,0.6
1352,2,22,30,0.7333333333333333
1352,3,25,30,0.8333333333333334
1352,4,27,30,0.9
1352,5,28,30,0.9333333333333333
1352,6,22,30,0.7333333333333333
1352,7,29,30,0.9666666666666667
1352,8,23,30,0.7666666666666667
1352,9,25,30,0.8333333333333334
1352,10,28,30,0.9333333333333333
1352,11,23,30,0.7666666666666667
1352,12,23,30,0.7666666666666667
1353,1,27,30,0.9
1353,2,27,30,0.9
1353,3,29,30,0.9666666666666667
1353,4,26,30,0.8666666666666667
1353,5,0,13,0
1355,1,27,30,0.9
1355,2,27,30,0.9
1355,3,23,30,0.7666666666666667
1355,4,25,30,0.8333333333333334
1355,5,26,30,0.8666666666666667
1355,6,20,30,0.6666666666666666
1355,7,8,30,0.26666666666666666
1355,8,20,30,0.6666666666666666
1355,9,20,30,0.6666666666666666
1355,10,22,30,0.7333333333333333
1355,11,21,30,0.7
1355,12,13,21,0.6190476190476191
1356,1,29,30,0.9666666666666667
1356,2,25,30,0.8333333333333334
1356,3,26,30,0.8666666666666667
1356,4,28,30,0.9333333333333333
1356,5,23,30,0.7666666666666667
1356,6,21,30,0.7
1356,7,29,30,0.9666666666666667
1356,8,28,30,0.9333333333333333
1356,9,26,30,0.8666666666666667
1356,10,30,30,1
1356,11,27,30,0.9
1356,12,17,30,0.5666666666666667
1357,1,27,30,0.9
1357,2,28,30,0.9333333333333333
1357,3,25,30,0.8333333333333334
1357,4,29,30,0.9666666666666667
1357,5,29,30,0.9666666666666667
1357,6,17,30,0.5666666666666667
1357,7,24,30,0.8
1357,8,5,30,0.16666666666666666
1357,9,26,30,0.8666666666666667
1357,10,24,30,0.8
1357,11,26,30,0.8666666666666667
1357,12,22,24,0.9166666666666666
1358,1,24,30,0.8
1358,2,20,30,0.6666666666666666
1358,3,19,24,0.7916666666666666
1359,1,27,30,0.9
1359,2,26,30,0.8666666666666667
1359,3,25,30,0.8333333333333334
1359,4,24,30,0.8
1359,5,20,30,0.6666666666666666
1359,6,20,30,0.6666666666666666
1359,7,18,30,0.6
1359,8,25,30,0.8333333333333334
1359,9,25,30,0.8333333333333334
1359,10,23,30,0.7666666666666667
1359,11,19,30,0.6333333333333333
1359,12,19,30,0.6333333333333333
1360,1,22,30,0.7333333333333333
1360,2,20,30,0.6666666666666666
1360,3,5,30,0.16666666666666666
1360,4,9,30,0.3
1360,5,7,30,0.23333333333333334
1360,6,8,30,0.26666666666666666
1360,7,22,30,0.7333333333333333
1360,8,21,30,0.7
1360,9,15,30,0.5
1360,10,5,30,0.16666666666666666
1360,11,13,30,0.43333333333333335
1360,12,15,29,0.5172413793103449
1361,1,29,30,0.9666666666666667
1361,2,30,30,1
1361,3,29,30,0.9666666666666667
1361,4,30,30,1
1361,5,21,21,1
1363,1,22,30,0.7333333333333333
1363,2,18,30,0.6
1363,3,21,30,0.7
1363,4,16,30,0.5333333333333333
1363,5,18,30,0.6
1363,6,11,30,0.36666666666666664
1363,7,12,30,0.4
1363,8,11,30,0.36666666666666664
1363,9,11,30,0.36666666666666664
1364,1,14,30,0.4666666666666667
1364,2,14,30,0.4666666666666667
1364,3,15,30,0.5
1364,4,17,30,0.5666666666666667
1364,5,12,20,0.6
1365,1,30,30,1
1365,2,29,30,0.9666666666666667
1365,3,29,30,0.9666666666666667
1365,4,25,30,0.8333333333333334
1365,5,19,30,0.6333333333333333
1365,6,24,30,0.8
1365,7,18,30,0.6
1365,8,22,30,0.7333333333333333
1365,9,1,19,0.05263157894736842
1366,1,21,30,0.7
1366,2,12,30,0.4
1366,3,1,30,0.03333333333333333
1366,4,22,30,0.7333333333333333
1366,5,1,30,0.03333333333333333
1366,6,6,30,0.2
1366,7,4,30,0.13333333333333333
1366,8,2,30,0.06666666666666667
1366,9,12,30,0.4
1366,10,12,30,0.4
1366,11,0,2,0
1367,1,26,30,0.8666666666666667
1367,2,25,30,0.8333333333333334
1367,3,24,30,0.8
1367,4,29,30,0.9666666666666667
1367,5,27,30,0.9
1367,6,25,30,0.8333333333333334
1367,7,17,30,0.5666666666666667
1367,8,20,30,0.6666666666666666
1367,9,24,30,0.8
1367,10,25,30,0.8333333333333334
1367,11,25,30,0.8333333333333334
1367,12,24,30,0.8
1368,1,29,30,0.9666666666666667
1368,2,29,30,0.9666666666666667
1368,3,28,30,0.9333333333333333
1368,4,27,30,0.9
1368,5,29,30,0.9666666666666667
1368,6,28,30,0.9333333333333333
1368,7,23,30,0.7666666666666667
1368,8,19,30,0.6333333333333333
1368,9,21,30,0.7
1368,10,16,30,0.5333333333333333
1368,11,12,30,0.4
1368,12,6,30,0.2
1370,1,30,30,1
1370,2,30,30,1
1370,3,30,30,1
1370,4,29,30,0.9666666666666667
1370,5,30,30,1
1370,6,16,30,0.5333333333333333
1370,7,28,30,0.9333333333333333
1370,8,29,30,0.9666666666666667
1370,9,23,30,0.7666666666666667
1370,10,28,30,0.9333333333333333
1370,11,26,30,0.8666666666666667
1370,12,15,19,0.7894736842105263
1371,1,24,30,0.8
1371,2,20,30,0.6666666666666666
1371,3,22,30,0.7333333333333333
1371,4,21,30,0.7
1371,5,17,30,0.5666666666666667
1371,6,8,30,0.26666666666666666
1371,7,14,30,0.4666666666666667
1371,8,22,30,0.7333333333333333
1371,9,16,30,0.5333333333333333
1371,10,12,30,0.4
1371,11,12,30,0.4
1371,12,7,30,0.23333333333333334
1372,1,18,30,0.6
1372,2,13,30,0.43333333333333335
1372,3,15,30,0.5
1372,4,15,30,0.5
1372,5,20,30,0.6666666666666666
1372,6,17,30,0.5666666666666667
1372,7,22,30,0.7333333333333333
1372,8,14,30,0.4666666666666667
1372,9,17,30,0.5666666666666667
1372,10,10,30,0.3333333333333333
1372,11,10,30,0.3333333333333333
1372,12,9,24,0.375
1373,1,25,30,0.8333333333333334
1373,2,28,30,0.9333333333333333
1373,3,24,30,0.8
1373,4,18,30,0.6
1373,5,20,30,0.6666666666666666
1373,6,26,30,0.8666666666666667
1373,7,28,30,0.9333333333333333
1373,8,27,30,0.9
1373,9,30,30,1
1373,10,28,30,0.9333333333333333
1373,11,15,30,0.5
1373,12,19,25,0.76
1374,1,21,30,0.7
1374,2,24,30,0.8
1374,3,21,30,0.7
1374,4,12,18,0.6666666666666666
1377,1,24,30,0.8
1377,2,25,30,0.8333333333333334
1377,3,3,30,0.1
1377,4,3,5,0.6
1378,1,29,30,0.9666666666666667
1378,2,22,30,0.7333333333333333
1378,3,29,30,0.9666666666666667
1378,4,29,30,0.9666666666666667
1378,5,28,30,0.9333333333333333
1378,6,27,30,0.9
1378,7,22,30,0.7333333333333333
1378,8,25,30,0.8333333333333334
1378,9,24,30,0.8
1378,10,23,30,0.7666666666666667
1378,11,20,30,0.6666666666666666
1378,12,23,30,0.7666666666666667
1380,1,29,30,0.9666666666666667
1380,2,30,30,1
1380,3,28,30,0.9333333333333333
1380,4,30,30,1
1380,5,30,30,1
1380,6,29,30,0.9666666666666667
1380,7,27,30,0.9
1380,8,29,30,0.9666666666666667
1380,9,28,30,0.9333333333333333
1380,10,25,30,0.8333333333333334
1380,11,29,30,0.9666666666666667
1380,12,28,30,0.9333333333333333
1381,1,30,30,1
1381,2,30,30,1
1381,3,30,30,1
1381,4,30,30,1
1381,5,30,30,1
1381,6,30,30,1
1381,7,29,30,0.9666666666666667
1381,8,30,30,1
1381,9,30,30,1
1381,10,30,30,1
1381,11,30,30,1
1381,12,28,28,1
1383,1,28,30,0.9333333333333333
1383,2,28,30,0.9333333333333333
1383,3,30,30,1
1383,4,29,30,0.9666666666666667
1383,5,28,30,0.9333333333333333
1383,6,28,30,0.9333333333333333
1383,7,29,30,0.9666666666666667
1383,8,14,30,0.4666666666666667
1383,9,25,30,0.8333333333333334
1383,10,28,30,0.9333333333333333
1383,11,29,30,0.9666666666666667
1383,12,17,23,0.7391304347826086
1384,1,20,30,0.6666666666666666
1384,2,21,30,0.7
1384,3,22,30,0.7333333333333333
1384,4,26,30,0.8666666666666667
1384,5,25,30,0.8333333333333334
1384,6,23,30,0.7666666666666667
1384,7,25,30,0.8333333333333334
1384,8,22,30,0.7333333333333333
1384,9,25,30,0.8333333333333334
1384,10,20,30,0.6666666666666666
1384,11,20,30,0.6666666666666666
1384,12,23,30,0.7666666666666667
1386,1,15,30,0.5
1386,2,23,30,0.7666666666666667
1386,3,12,30,0.4
1386,4,12,30,0.4
1386,5,5,6,0.8333333333333334
1387,1,25,30,0.8333333333333334
1387,2,19,30,0.6333333333333333
1387,3,22,30,0.7333333333333333
1387,4,22,30,0.7333333333333333
1387,5,22,30,0.7333333333333333
1387,6,27,30,0.9
1387,7,22,30,0.7333333333333333
1387,8,27,30,0.9
1387,9,24,30,0.8
1387,10,23,30,0.7666666666666667
1387,11,24,30,0.8
1387,12,24,30,0.8
1388,1,19,30,0.6333333333333333
1388,2,4,30,0.13333333333333333
1388,3,21,30,0.7
1388,4,24,30,0.8
1388,5,22,30,0.7333333333333333
1388,6,24,30,0.8
1388,7,23,30,0.7666666666666667
1388,8,21,30,0.7
1388,9,24,30,0.8
1388,10,22,30,0.7333333333333333
1388,11,17,30,0.5666666666666667
1388,12,20,30,0.6666666666666666
1390,1,23,30,0.7666666666666667
1390,2,18,30,0.6
1390,3,20,30,0.6666666666666666
1390,4,18,30,0.6
1390,5,11,30,0.36666666666666664
1390,6,17,30,0.5666666666666667
1390,7,21,30,0.7
1390,8,18,30,0.6
1390,9,12,30,0.4
1390,10,11,30,0.36666666666666664
1390,11,3,7,0.42857142857142855
1393,1,28,30,0.9333333333333333
1393,2,24,30,0.8
1393,3,24,30,0.8
1393,4,23,30,0.7666666666666667
1393,5,16,30,0.5333333333333333
1393,6,24,30,0.8
1393,7,18,30,0.6
1393,8,15,30,0.5
1393,9,17,30,0.5666666666666667
1393,10,20,30,0.6666666666666666
1393,11,17,30,0.5666666666666667
1393,12,8,22,0.36363636363636365
1394,1,30,30,1
1394,2,11,30,0.36666666666666664
1394,3,2,13,0.15384615384615385
1395,1,29,30,0.9666666666666667
1395,2,26,30,0.8666666666666667
1395,3,29,30,0.9666666666666667
1395,4,30,30,1
1395,5,23,30,0.7666666666666667
1395,6,29,30,0.9666666666666667
1395,7,29,30,0.9666666666666667
1395,8,30,30,1
1395,9,27,30,0.9
1395,10,26,30,0.8666666666666667
1395,11,24,30,0.8
1395,12,25,30,0.8333333333333334
1396,1,8,30,0.26666666666666666
1396,2,5,16,0.3125
1397,1,4,30,0.13333333333333333
1397,2,20,30,0.6666666666666666
1397,3,14,30,0.4666666666666667
1397,4,7,30,0.23333333333333334
1397,5,4,13,0.3076923076923077
1398,1,28,30,0.9333333333333333
1398,2,28,30,0.9333333333333333
1398,3,11,30,0.36666666666666664
1398,4,2,9,0.2222222222222222
1399,1,26,30,0.8666666666666667
1399,2,23,30,0.7666666666666667
1399,3,21,30,0.7
1399,4,18,30,0.6
1399,5,17,30,0.5666666666666667
1399,6,18,30,0.6
1399,7,16,30,0.5333333333333333
1399,8,20,30,0.6666666666666666
1399,9,19,30,0.6333333333333333
1399,10,21,30,0.7
1399,11,16,30,0.5333333333333333
1399,12,15,30,0.5
1400,1,21,30,0.7
1400,2,20,30,0.6666666666666666
1400,3,23,30,0.7666666666666667
1400,4,28,30,0.9333333333333333
1400,5,26,30,0.8666666666666667
1400,6,21,30,0.7
1400,7,17,30,0.5666666666666667
1400,8,0,30,0
1400,9,3,15,0.2
1401,1,26,30,0.8666666666666667
1401,2,18,30,0.6
1401,3,20,30,0.6666666666666666
1401,4,15,30,0.5
1401,5,18,30,0.6
1401,6,17,30,0.5666666666666667
1401,7,17,30,0.5666666666666667
1401,8,16,30,0.5333333333333333
1401,9,17,30,0.5666666666666667
1401,10,21,30,0.7
1401,11,16,30,0.5333333333333333
1401,12,18,30,0.6
1402,1,26,30,0.8666666666666667
1402,2,11,30,0.36666666666666664
1402,3,23,30,0.7666666666666667
1402,4,20,30,0.6666666666666666
1402,5,23,30,0.7666666666666667
1402,6,21,30,0.7
1402,7,21,30,0.7
1402,8,21,30,0.7
1402,9,17,30,0.5666666666666667
1402,10,20,30,0.6666666666666666
1402,11,18,30,0.6
1402,12,14,23,0.6086956521739131
1404,1,30,30,1
1404,2,30,30,1
1404,3,5,30,0.16666666666666666
1404,4,2,30,0.06666666666666667
1404,5,30,30,1
1404,6,28,30,0.9333333333333333
1404,7,30,30,1
1404,8,30,30,1
1404,9,30,30,1
1404,10,30,30,1
1404,11,30,30,1
1404,12,30,30,1
1405,1,30,30,1
1405,2,29,30,0.9666666666666667
1405,3,27,30,0.9
1405,4,28,30,0.9333333333333333
1405,5,28,30,0.9333333333333333
1405,6,17,30,0.5666666666666667
1405,7,25,30,0.8333333333333334
1405,8,30,30,1
1405,9,29,30,0.9666666666666667
1405,10,30,30,1
1405,11,27,30,0.9
1405,12,29,30,0.9666666666666667
1406,1,28,30,0.9333333333333333
1406,2,28,30,0.9333333333333333
1406,3,28,30,0.9333333333333333
1406,4,24,30,0.8
1406,5,27,30,0.9
1406,6,28,30,0.9333333333333333
1406,7,28,30,0.9333333333333333
1406,8,27,30,0.9
1406,9,28,30,0.9333333333333333
1406,10,27,30,0.9
1406,11,26,30,0.8666666666666667
1406,12,9,21,0.42857142857142855
1407,1,23,30,0.7666666666666667
1407,2,26,30,0.8666666666666667
1407,3,22,30,0.7333333333333333
1407,4,24,30,0.8
1407,5,4,30,0.13333333333333333
1407,6,2,28,0.07142857142857142
1409,1,25,30,0.8333333333333334
1409,2,26,30,0.8666666666666667
1409,3,30,30,1
1409,4,22,30,0.7333333333333333
1409,5,28,30,0.9333333333333333
1409,6,28,30,0.9333333333333333
1409,7,12,30,0.4
1409,8,28,30,0.9333333333333333
1409,9,26,30,0.8666666666666667
1409,10,29,30,0.9666666666666667
1409,11,29,30,0.9666666666666667
1409,12,18,21,0.8571428571428571
1410,1,19,30,0.6333333333333333
1410,2,30,30,1
1410,3,29,30,0.9666666666666667
1410,4,29,30,0.9666666666666667
1410,5,28,30,0.9333333333333333
1410,6,25,30,0.8333333333333334
1410,7,26,30,0.8666666666666667
1410,8,23,30,0.7666666666666667
1410,9,25,30,0.8333333333333334
1410,10,24,30,0.8
1410,11,23,30,0.7666666666666667
1410,12,24,30,0.8
1411,1,29,30,0.9666666666666667
1411,2,23,30,0.7666666666666667
1411,3,25,30,0.8333333333333334
1411,4,23,30,0.7666666666666667
1411,5,23,30,0.7666666666666667
1411,6,19,30,0.6333333333333333
1411,7,20,30,0.6666666666666666
1411,8,17,30,0.5666666666666667
1411,9,23,30,0.7666666666666667
1411,10,25,30,0.8333333333333334
1411,11,27,30,0.9
1411,12,23,30,0.7666666666666667
1413,1,21,30,0.7
1413,2,22,30,0.7333333333333333
1413,3,27,30,0.9
1413,4,22,30,0.7333333333333333
1413,5,11,30,0.36666666666666664
1413,6,2,30,0.06666666666666667
1413,7,0,4,0
1414,1,27,30,0.9
1414,2,26,30,0.8666666666666667
1414,3,26,30,0.8666666666666667
1414,4,25,30,0.8333333333333334
1414,5,28,30,0.9333333333333333
1414,6,28,30,0.9333333333333333
1414,7,24,30,0.8
1414,8,20,30,0.6666666666666666
1414,9,27,30,0.9
1414,10,27,30,0.9
1414,11,25,30,0.8333333333333334
1414,12,27,30,0.9
1415,1,28,30,0.9333333333333333
1415,2,25,30,0.8333333333333334
1415,3,23,30,0.7666666666666667
1415,4,23,30,0.7666666666666667
1415,5,24,30,0.8
1415,6,24,30,0.8
1415,7,25,30,0.8333333333333334
1415,8,23,30,0.7666666666666667
1415,9,23,30,0.7666666666666667
1415,10,25,30,0.8333333333333334
1415,11,20,30,0.6666666666666666
1415,12,19,26,0.7307692307692307
1416,1,19,30,0.6333333333333333
1416,2,20,30,0.6666666666666666
1416,3,18,30,0.6
1416,4,17,30,0.5666666666666667
1416,5,18,30,0.6
1416,6,20,30,0.6666666666666666
1416,7,12,30,0.4
1416,8,16,30,0.5333333333333333
1416,9,16,30,0.5333333333333333
1416,10,12,30,0.4
1416,11,12,30,0.4
1416,12,13,30,0.43333333333333335
1417,1,30,30,1
1417,2,30,30,1
1417,3,29,30,0.9666666666666667
1417,4,26,30,0.8666666666666667
1417,5,30,30,1
1417,6,26,30,0.8666666666666667
1417,7,27,30,0.9
1417,8,29,30,0.9666666666666667
1417,9,30,30,1
1417,10,29,30,0.9666666666666667
1417,11,30,30,1
1417,12,30,30,1
1422,1,30,30,1
1422,2,28,30,0.9333333333333333
1422,3,22,30,0.7333333333333333
1422,4,24,30,0.8
1422,5,25,30,0.8333333333333334
1422,6,23,30,0.7666666666666667
1422,7,28,30,0.9333333333333333
1422,8,29,30,0.9666666666666667
1422,9,25,30,0.8333333333333334
1422,10,26,30,0.8666666666666667
1422,11,26,30,0.8666666666666667
1422,12,28,30,0.9333333333333333
1425,1,29,30,0.9666666666666667
1425,2,28,30,0.9333333333333333
1425,3,30,30,1
1425,4,26,30,0.8666666666666667
1425,5,28,30,0.9333333333333333
1425,6,27,30,0.9
1425,7,21,30,0.7
1425,8,27,30,0.9
1425,9,26,30,0.8666666666666667
1425,10,24,30,0.8
1425,11,22,30,0.7333333333333333
1425,12,24,30,0.8
1426,1,26,30,0.8666666666666667
1426,2,28,30,0.9333333333333333
1426,3,28,30,0.9333333333333333
1426,4,27,30,0.9
1426,5,24,30,0.8
1426,6,28,30,0.9333333333333333
1426,7,27,30,0.9
1426,8,26,30,0.8666666666666667
1426,9,28,30,0.9333333333333333
1426,10,28,30,0.9333333333333333
1426,11,27,30,0.9
1426,12,28,30,0.9333333333333333
1428,1,23,30,0.7666666666666667
1428,2,23,30,0.7666666666666667
1428,3,0,30,0
1428,4,21,30,0.7
1428,5,24,30,0.8
1428,6,26,30,0.8666666666666667
1428,7,26,30,0.8666666666666667
1428,8,25,30,0.8333333333333334
1428,9,26,30,0.8666666666666667
1428,10,24,30,0.8
1428,11,19,30,0.6333333333333333
1428,12,27,30,0.9
1429,1,17,30,0.5666666666666667
1429,2,17,27,0.6296296296296297
1430,1,25,30,0.8333333333333334
1430,2,25,30,0.8333333333333334
1430,3,23,30,0.7666666666666667
1430,4,21,30,0.7
1430,5,18,30,0.6
1430,6,21,30,0.7
1430,7,23,30,0.7666666666666667
1430,8,23,30,0.7666666666666667
1430,9,21,30,0.7
1430,10,22,30,0.7333333333333333
1430,11,27,30,0.9
1430,12,21,27,0.7777777777777778
1431,1,30,30,1
1431,2,29,30,0.9666666666666667
1431,3,23,30,0.7666666666666667
1431,4,22,30,0.7333333333333333
1431,5,24,30,0.8
1431,6,25,30,0.8333333333333334
1431,7,25,30,0.8333333333333334
1431,8,20,30,0.6666666666666666
1431,9,25,30,0.8333333333333334
1431,10,27,30,0.9
1431,11,26,30,0.8666666666666667
1431,12,17,18,0.9444444444444444
1432,1,30,30,1
1432,2,30,30,1
1432,3,30,30,1
1432,4,29,30,0.9666666666666667
1432,5,30,30,1
1432,6,29,30,0.9666666666666667
1432,7,29,30,0.9666666666666667
1432,8,29,30,0.9666666666666667
1432,9,27,30,0.9
1432,10,30,30,1
1432,11,27,30,0.9
1432,12,28,30,0.9333333333333333
1436,1,27,30,0.9
1436,2,24,30,0.8
1436,3,22,30,0.7333333333333333
1436,4,24,30,0.8
1436,5,26,30,0.8666666666666667
1436,6,24,30,0.8
1436,7,25,30,0.8333333333333334
1436,8,26,30,0.8666666666666667
1436,9,23,30,0.7666666666666667
1436,10,24,30,0.8
1436,11,27,30,0.9
1436,12,19,25,0.76
1437,1,17,30,0.5666666666666667
1437,2,23,30,0.7666666666666667
1437,3,17,30,0.5666666666666667
1437,4,14,21,0.6666666666666666
1438,1,25,30,0.8333333333333334
1438,2,27,30,0.9
1438,3,28,30,0.9333333333333333
1438,4,27,30,0.9
1438,5,29,30,0.9666666666666667
1438,6,26,30,0.8666666666666667
1438,7,25,30,0.8333333333333334
1438,8,22,30,0.7333333333333333
1438,9,24,30,0.8
1438,10,22,30,0.7333333333333333
1438,11,25,30,0.8333333333333334
1438,12,14,15,0.9333333333333333
1440,1,30,30,1
1440,2,17,30,0.5666666666666667
1440,3,1,5,0.2
1441,1,20,30,0.6666666666666666
1441,2,23,30,0.7666666666666667
1441,3,24,30,0.8
1441,4,24,30,0.8
1441,5,9,30,0.3
1441,6,27,30,0.9
1441,7,21,30,0.7
1441,8,27,30,0.9
1441,9,25,30,0.8333333333333334
1441,10,25,30,0.8333333333333334
1441,11,24,30,0.8
1441,12,6,9,0.6666666666666666
1442,1,30,30,1
1442,2,28,30,0.9333333333333333
1442,3,26,30,0.8666666666666667
1442,4,30,30,1
1442,5,28,30,0.9333333333333333
1442,6,30,30,1
1442,7,30,30,1
1442,8,30,30,1
1442,9,30,30,1
1442,10,30,30,1
1442,11,30,30,1
1442,12,12,12,1
1443,1,13,30,0.43333333333333335
1443,2,12,30,0.4
1443,3,10,30,0.3333333333333333
1443,4,14,30,0.4666666666666667
1443,5,2,6,0.3333333333333333
1445,1,26,30,0.8666666666666667
1445,2,21,30,0.7
1445,3,19,30,0.6333333333333333
1445,4,16,30,0.5333333333333333
1445,5,21,30,0.7
1445,6,25,30,0.8333333333333334
1445,7,22,30,0.7333333333333333
1445,8,15,30,0.5
1445,9,14,30,0.4666666666666667
1445,10,21,30,0.7
1445,11,19,30,0.6333333333333333
1445,12,19,25,0.76
1446,1,21,30,0.7
1446,2,21,30,0.7
1446,3,21,30,0.7
1446,4,18,30,0.6
1446,5,20,30,0.6666666666666666
1446,6,18,30,0.6
1446,7,12,30,0.4
1446,8,21,30,0.7
1446,9,21,30,0.7
1446,10,17,30,0.5666666666666667
1446,11,20,30,0.6666666666666666
1446,12,16,30,0.5333333333333333
1447,1,26,30,0.8666666666666667
1447,2,25,30,0.8333333333333334
1447,3,22,30,0.7333333333333333
1447,4,25,30,0.8333333333333334
1447,5,7,29,0.2413793103448276
1448,1,30,30,1
1448,2,25,30,0.8333333333333334
1448,3,29,30,0.9666666666666667
1448,4,30,30,1
1448,5,30,30,1
1448,6,30,30,1
1448,7,30,30,1
1448,8,30,30,1
1448,9,30,30,1
1448,10,30,30,1
1448,11,30,30,1
1448,12,30,30,1
1449,1,29,30,0.9666666666666667
1449,2,30,30,1
1449,3,29,30,0.9666666666666667
1449,4,29,30,0.9666666666666667
1449,5,27,30,0.9
1449,6,25,30,0.8333333333333334
1449,7,27,30,0.9
1449,8,25,30,0.8333333333333334
1449,9,27,30,0.9
1449,10,28,30,0.9333333333333333
1449,11,28,30,0.9333333333333333
1449,12,23,28,0.8214285714285714
1450,1,26,30,0.8666666666666667
1450,2,18,30,0.6
1450,3,7,30,0.23333333333333334
1450,4,1,23,0.043478260869565216
1451,1,29,30,0.9666666666666667
1451,2,27,30,0.9
1451,3,25,30,0.8333333333333334
1451,4,23,30,0.7666666666666667
1451,5,29,30,0.9666666666666667
1451,6,29,30,0.9666666666666667
1451,7,25,30,0.8333333333333334
1451,8,28,30,0.9333333333333333
1451,9,17,30,0.5666666666666667
1451,10,16,30,0.5333333333333333
1451,11,30,30,1
1451,12,25,26,0.9615384615384616
1453,1,27,30,0.9
1453,2,26,30,0.8666666666666667
1453,3,26,30,0.8666666666666667
1453,4,25,30,0.8333333333333334
1453,5,24,30,0.8
1453,6,25,30,0.8333333333333334
1453,7,29,30,0.9666666666666667
1453,8,29,30,0.9666666666666667
1453,9,30,30,1
1453,10,29,30,0.9666666666666667
1453,11,25,30,0.8333333333333334
1453,12,23,28,0.8214285714285714
1454,1,26,30,0.8666666666666667
1454,2,26,30,0.8666666666666667
1454,3,28,30,0.9333333333333333
1454,4,26,30,0.8666666666666667
1454,5,26,30,0.8666666666666667
1454,6,25,30,0.8333333333333334
1454,7,25,30,0.8333333333333334
1454,8,25,30,0.8333333333333334
1454,9,23,30,0.7666666666666667
1454,10,23,30,0.7666666666666667
1454,11,25,30,0.8333333333333334
1454,12,13,30,0.43333333333333335
1455,1,19,30,0.6333333333333333
1455,2,13,30,0.43333333333333335
1455,3,23,30,0.7666666666666667
1455,4,23,30,0.7666666666666667
1455,5,23,30,0.7666666666666667
1455,6,22,30,0.7333333333333333
1455,7,24,30,0.8
1455,8,16,30,0.5333333333333333
1455,9,17,30,0.5666666666666667
1455,10,13,19,0.6842105263157895
1458,1,23,30,0.7666666666666667
1458,2,18,30,0.6
1458,3,17,30,0.5666666666666667
1458,4,20,30,0.6666666666666666
1458,5,10,30,0.3333333333333333
1458,6,20,30,0.6666666666666666
1458,7,21,30,0.7
1458,8,20,30,0.6666666666666666
1458,9,21,30,0.7
1458,10,22,30,0.7333333333333333
1458,11,19,30,0.6333333333333333
1458,12,21,30,0.7
1459,1,26,30,0.8666666666666667
1459,2,20,24,0.8333333333333334
